row_number,employee_id,email,password,name,dob,gender,location,job_role,salary,dependents,lifestyle_tags,recommended_plan_type,coverage_level,premium_usd,employer_contrib_usd
1,E2824,johnsonjoshua@example.org,bVrpoiVgRV,Brian Yang,1989-12-13,,,,58031.0,,,Health,Silver,,
2,E2519,garzaanthony@example.org,ygw2wMqZcU,Jonathan Johnson,1990-10-19,,"Omaha, NE",Financial Advisor,68700.0,,"mental_health,yoga",Health,,152.42,
3,E5374,jennifermiles@example.com,S7RPeMOkIU,,1998-05-14,Non-Binary,"Fort Wayne, IN",,47103.0,,"mental_health,yoga",Disability,,164.79,
4,E3287,blakeerik@example.com,pVJIqVLB5L,Christopher Bernard,1992-12-01,M,"Philadelphia, PA",,55484.0,3.0,"travel,adventure",Life,Bronze,60.93,312.81
5,E6573,curtis61@example.com,hsBkDa9U4U,Lindsey Roman,1999-03-24,Non-Binary,"Omaha, NE",Financial Advisor,,1.0,"family,wellness",,,128.0,
6,E4946,yherrera@example.org,4K8ffUF0eW,Sandra Montgomery,,F,,Financial Advisor,58880.0,1.0,"travel,adventure",,,,
7,E4608,barbara10@example.net,aeTOdoe5c3,Dylan Miller,,Non-Binary,,Financial Advisor,60925.0,,"active,fitness",,Platinum,44.63,
8,E6559,michellejames@example.com,Z3gpmmICiB,,,M,,Project Coordinator,45967.0,,"travel,adventure",Life,,,
9,E7930,elizabethmiles@example.net,S9UYJQTFjm,Lisa Jackson,1989-04-24,,,Financial Advisor,,0.0,"active,fitness",,Silver,,280.08
10,E6183,frankgray@example.net,7qnQTupqzi,Colleen Nguyen,1994-09-23,,"Chicago, IL",,58969.0,1.0,"active,fitness",,Platinum,219.96,395.53
11,E1128,perezantonio@example.com,Q0Jt7Qg84i,Austin Gentry,1990-05-26,,,,86565.0,,,Life,,238.2,141.68
12,E8007,jason76@example.net,Jahe84S5jI,,1996-04-12,M,"Philadelphia, PA",Data Analyst,58767.0,0.0,"family,wellness",Life,Silver,,
13,E7755,julie69@example.com,blV7vY7AZQ,Zachary Taylor,1993-07-25,,"Philadelphia, PA",,,,,,Bronze,105.36,189.89
14,E9785,ddavis@example.org,v8bh4qlL9q,,2001-05-19,Non-Binary,"Hartford, CT",,,0.0,"active,fitness",Disability,,48.89,
15,E3041,cruzcaitlin@example.com,U5tGtQAuzS,Tricia Valencia,,Non-Binary,"Fort Wayne, IN",UX Designer,,1.0,"family,wellness",,Platinum,168.02,385.94
16,E2389,frazierdanny@example.net,sGQONvf08W,,,,,Marketing Associate,49772.0,1.0,"travel,adventure",,Bronze,262.32,
17,E9486,ryan70@example.net,DdJp62hDiZ,Deborah Mason,1999-11-30,Non-Binary,"Hartford, CT",Project Coordinator,72966.0,3.0,"tech,gadget",,Silver,104.87,
18,E8206,williamrodriguez@example.net,eTsprvu5If,,1993-03-09,M,"Philadelphia, PA",UX Designer,,3.0,"family,wellness",Health,,,186.5
19,E7865,nathanielmartin@example.net,IVVIZM5oFo,Linda Burns,,F,"Hartford, CT",Marketing Associate,85780.0,3.0,,,,,
20,E7211,hickmannatasha@example.com,rW81Aq1fEb,David Bradley,1989-03-02,,"Philadelphia, PA",,47033.0,1.0,,,Bronze,88.85,
21,E2876,millertodd@example.org,X0k9tgLb7t,Kim Martinez,1996-06-01,,"Chicago, IL",,90691.0,0.0,"family,wellness",Vision,,,
22,E8102,karroyo@example.com,9xO51DTjBl,Lisa Brandt,2002-08-03,Non-Binary,"Hartford, CT",Project Coordinator,66122.0,,,Life,,,
23,E5232,jenniferross@example.net,vr4MS4rJaH,Jessica Holmes,,F,"Fort Wayne, IN",Project Coordinator,74371.0,,"travel,adventure",Vision,,,
24,E8434,wrightcaleb@example.org,rtqohUmuhV,Crystal Robinson,2005-02-03,,,Financial Advisor,79382.0,0.0,,,,293.06,
25,E9042,zimmermanbrian@example.org,g3aKsEECvl,Shannon Jones,1993-08-30,,"Philadelphia, PA",Data Analyst,,1.0,,,Platinum,,
26,E8253,joshuawashington@example.net,t3LBtKNdN9,Timothy Duncan,,,,Software Engineer,,3.0,,,Gold,152.59,373.37
27,E4241,esanchez@example.com,BhIoPj6r0j,,1991-09-21,Non-Binary,"Chicago, IL",,,3.0,"family,wellness",,Bronze,228.32,
28,E1339,ujenkins@example.org,WR0rKcWWlE,Victoria Garcia,1997-12-01,M,"Hartford, CT",Marketing Associate,,2.0,"active,fitness",,,285.2,
29,E6153,zchandler@example.org,quhXz3G0aQ,Connor West,1998-05-12,M,"Chicago, IL",Project Coordinator,,1.0,"travel,adventure",,Silver,,
30,E2858,dwhite@example.org,D8hP1jF7Ts,Angela Morton,1994-02-17,F,"Fort Wayne, IN",Software Engineer,84280.0,1.0,"remote,eco",,Gold,,255.43
31,E9022,williamsyvette@example.org,3jCIEwvJWI,Tammy Allison,1995-03-21,,,,93804.0,3.0,"tech,gadget",,,,85.13
32,E2633,richardolson@example.com,H6DaUjA3Pj,,2005-07-12,F,"Hartford, CT",UX Designer,,2.0,"travel,adventure",Health,Silver,278.65,
33,E2612,ybaker@example.com,WOT3gCkSt5,,1995-04-11,F,,Financial Advisor,89682.0,,"family,wellness",Disability,Platinum,,
34,E1153,smoore@example.org,5ZD5sRIkeC,Lauren Daniels,2001-03-06,F,"Hartford, CT",Software Engineer,,3.0,,,,182.8,
35,E9138,brian97@example.net,155sXZoMZw,,1992-04-06,Non-Binary,"Fort Wayne, IN",Project Coordinator,65246.0,0.0,,,,65.68,390.02
36,E5465,yorkcasey@example.org,1kq608E9Zs,Cynthia Wilson,1995-08-06,F,"Fort Wayne, IN",Software Engineer,92462.0,3.0,"family,wellness",,,211.66,254.6
37,E7086,bethwilliams@example.org,gRoEbN48Ju,Kevin Mills,1992-12-18,Non-Binary,"Omaha, NE",,,,"mental_health,yoga",,Gold,230.65,196.69
38,E3531,james53@example.com,4APg1FNA88,Michael Evans,2003-06-25,F,"Fort Wayne, IN",Data Analyst,69073.0,,,Health,,87.27,
39,E6464,sarah10@example.com,piYKne1WJn,Kristine Garcia,1993-03-23,M,,Software Engineer,,,,Vision,Silver,,
40,E2862,williamanderson@example.com,VeECXxGLgC,Sherry Wood,,Non-Binary,"Hartford, CT",,76390.0,3.0,"travel,adventure",,,,268.51
41,E6327,samueldaniels@example.com,yMHsDGMBgY,Victoria Valdez,2002-09-07,Non-Binary,"Fort Wayne, IN",Software Engineer,,0.0,"remote,eco",Vision,,,83.8
42,E3131,contrerasangela@example.net,JdL9JJvQhA,Shawn Baker,2002-12-03,F,"Philadelphia, PA",Financial Advisor,51789.0,,,,,,200.19
43,E1430,newtoneric@example.com,M7Q1SrblrS,Michelle Harris,1995-08-15,M,"Chicago, IL",,86495.0,0.0,"mental_health,yoga",,,117.58,258.68
44,E3549,william40@example.org,kWNdRfrCQB,Sandra Williams,1997-11-30,M,"Philadelphia, PA",Data Analyst,89465.0,,"travel,adventure",,Gold,237.18,
45,E9149,kellie42@example.net,VBliyIToGJ,Michael Hoffman,,,"Philadelphia, PA",Data Analyst,82732.0,3.0,,,,,
46,E8155,jonesnicole@example.org,2gpBLzHfz3,Sandra Aguilar,,,"Philadelphia, PA",Software Engineer,,,,Dental,,,314.06
47,E8354,russellwilliams@example.com,R74KPONu3O,Rebecca Valencia,,F,"Omaha, NE",UX Designer,65342.0,,,Health,,179.67,
48,E4084,jason31@example.com,uMEGj9dCgZ,Stacey Russell,1995-09-14,M,,Project Coordinator,73797.0,1.0,"remote,eco",Vision,Bronze,,83.08
49,E5655,sarayoung@example.org,qU2Q96M3jv,,,F,,Project Coordinator,65288.0,2.0,"tech,gadget",,Platinum,,
50,E8967,whitesandra@example.com,moijes2YgG,Sharon Cochran,2004-07-25,M,,,56851.0,1.0,"active,fitness",Dental,Gold,,133.71
51,E8684,erik16@example.org,51mxR8KCDX,Courtney Velasquez,1996-07-25,F,"Fort Wayne, IN",Software Engineer,48419.0,2.0,"active,fitness",Disability,,,229.67
52,E2502,ybailey@example.org,86o0C4w7bA,,1999-04-05,F,,UX Designer,91838.0,,"remote,eco",Life,Silver,156.66,
53,E4533,michelle45@example.net,1jJ8UMHBhX,Meghan Anthony,,M,"Chicago, IL",Data Analyst,77756.0,0.0,,,Bronze,,
54,E6908,sheila14@example.org,e9HIGYGJby,Victoria Johnson,1988-12-22,,"Philadelphia, PA",Data Analyst,93034.0,0.0,"tech,gadget",,Gold,77.27,212.62
55,E3986,yreed@example.com,ZieTX8Dcsm,,1992-06-22,F,"Chicago, IL",Financial Advisor,47399.0,,"active,fitness",,,,
56,E4060,jonathanfletcher@example.org,FSFx7ZHrZf,Renee Mcdaniel,1989-10-08,M,,UX Designer,65086.0,,"travel,adventure",Health,Gold,147.43,
57,E7655,michaeljones@example.net,xGZVRk8bj2,Lisa Alvarado,2005-07-10,,"Omaha, NE",,55055.0,2.0,"active,fitness",,Gold,,
58,E7340,cortezkevin@example.com,6JhqXqTCnN,Erika Terry,,M,,Project Coordinator,50753.0,2.0,,,Gold,222.19,273.2
59,E9335,jamesortega@example.com,ohmYipYFbx,Stephanie Gilbert,1996-04-10,,,Marketing Associate,92111.0,3.0,,Vision,,,340.17
60,E3981,richard04@example.com,X9iBG63d1h,Richard Lawson,,F,"Fort Wayne, IN",Financial Advisor,,,"remote,eco",Health,Silver,,268.57
61,E6531,steven73@example.net,17Kc03bfc8,Steven Flynn,2000-12-07,M,"Hartford, CT",Data Analyst,86101.0,2.0,"tech,gadget",,,,
62,E6231,donnacampbell@example.net,U3wziWxGJg,Frances Cardenas,,,,Marketing Associate,,1.0,"family,wellness",Dental,Platinum,156.04,
63,E7442,emilywalker@example.org,GD9pnLwdds,Angel Riggs,2002-09-03,F,"Philadelphia, PA",UX Designer,,,,,Platinum,,396.18
64,E2946,gibsonolivia@example.net,igzxYvJ8xW,,2001-07-06,,,UX Designer,79034.0,1.0,"family,wellness",Life,Gold,166.98,221.45
65,E8780,dylanwatts@example.org,0bxvRhALtY,Colleen Brock,2003-06-07,Non-Binary,"Chicago, IL",,,,,Disability,,,
66,E9221,pwilliams@example.org,XN6E32VUdT,,1992-08-25,Non-Binary,"Hartford, CT",Software Engineer,,2.0,"tech,gadget",Vision,Silver,,379.52
67,E5735,stephanie79@example.net,TnSTFuEwJ7,Jessica Meadows,2004-03-08,M,"Chicago, IL",Marketing Associate,,2.0,"active,fitness",Life,,,
68,E2789,vmerritt@example.com,NVLppdQ5Ho,Paul Larsen,,F,"Philadelphia, PA",,81067.0,1.0,"travel,adventure",Dental,,204.39,81.31
69,E9767,katie87@example.net,VU27c66lA4,Jeremiah Reeves,1988-10-24,F,"Fort Wayne, IN",UX Designer,,0.0,,Disability,Silver,,
70,E8518,josephflores@example.net,PqTlaVvYsK,Chris Reyes,,Non-Binary,"Hartford, CT",Data Analyst,,1.0,,,Gold,111.53,54.0
71,E4871,jasminebrown@example.com,dQhDtkzRG7,John Brown,2003-10-12,,"Omaha, NE",,53753.0,3.0,"family,wellness",Disability,Silver,213.69,325.58
72,E9653,xprice@example.net,Txe6Khd1J5,Alicia Gilmore,2000-11-04,M,"Chicago, IL",,83217.0,3.0,,,Bronze,,
73,E1049,wwoods@example.com,VnLecBwSeI,Sarah Ashley,1989-07-19,,,Software Engineer,92794.0,3.0,"travel,adventure",,Silver,,238.04
74,E4648,vmedina@example.net,1aWbtDRUIB,Stephanie Freeman,,,"Fort Wayne, IN",Project Coordinator,47111.0,3.0,,,,211.45,
75,E8191,ryan06@example.com,oInW3XdiGs,,2004-05-28,Non-Binary,,Software Engineer,,,"family,wellness",Dental,Platinum,,
76,E9592,ncalhoun@example.net,uSAAjtylWI,James Elliott,1993-01-20,,"Hartford, CT",Financial Advisor,72296.0,1.0,,Health,,,143.96
77,E1647,millerroy@example.com,3emZWLUQJn,David Murphy,1995-06-20,,"Fort Wayne, IN",Data Analyst,94435.0,1.0,,Dental,,,141.55
78,E9147,wmurphy@example.com,DgZUEW1u6n,Trevor Fisher,,M,,Financial Advisor,,1.0,"travel,adventure",,,251.83,
79,E3756,ruizkaitlyn@example.org,UYwkiUIFl6,Mrs. Marie Harrington DDS,2002-05-24,,"Philadelphia, PA",,45418.0,,,,Bronze,210.02,
80,E1108,herringjames@example.org,IJAabHUrIs,,2003-08-26,,"Philadelphia, PA",,,,,,Silver,90.98,346.75
81,E1519,elliottjeffery@example.net,fzyyJEdOaS,,1999-03-18,Non-Binary,"Chicago, IL",Data Analyst,,,"active,fitness",Vision,,,
82,E7525,stricklandfrank@example.com,7etkKpK12y,Alexander Collins,2000-02-15,,"Philadelphia, PA",,,0.0,"family,wellness",Life,,103.8,
83,E7150,tsanders@example.org,BlRLQyfXNs,Michael Burton,,,"Fort Wayne, IN",UX Designer,,2.0,,,Platinum,,81.37
84,E6315,terrykevin@example.net,3yasAyXfU5,Barbara Riggs,1993-06-11,M,,UX Designer,,,"remote,eco",,Silver,163.87,
85,E1110,reedross@example.com,8zv1NyZ3vC,Matthew Smith,2002-08-08,M,"Chicago, IL",Software Engineer,56641.0,,"tech,gadget",Disability,,,89.86
86,E9939,gshort@example.com,lRXJb8UD8T,,2005-11-21,,"Hartford, CT",Software Engineer,,1.0,,,Platinum,279.34,
87,E6890,ryangross@example.net,S5ZIMO6fgX,,2002-11-28,Non-Binary,"Chicago, IL",Project Coordinator,,,,Disability,,135.61,256.01
88,E6651,umarshall@example.net,bEgsA69fh1,Samuel Rivas,1991-03-06,F,"Fort Wayne, IN",UX Designer,73715.0,3.0,,,Gold,,
89,E3858,ramirezshannon@example.com,JkvJB9DoZz,Mary Rogers,1992-03-06,F,"Chicago, IL",Marketing Associate,,,"tech,gadget",Health,,,
90,E6134,lrosales@example.com,MyNzLhww2D,Robert Peterson,2003-02-09,F,,Software Engineer,,1.0,"mental_health,yoga",Life,,161.4,371.71
91,E3838,angela83@example.org,JkFsilu1CN,,1996-01-20,,"Hartford, CT",Financial Advisor,71813.0,3.0,"travel,adventure",Health,,104.21,
92,E9115,hannahbrewer@example.com,JGhKhrXI0x,Alan Phillips,,Non-Binary,"Fort Wayne, IN",Data Analyst,87839.0,2.0,"active,fitness",Vision,,298.37,132.93
93,E6744,tholt@example.net,3TNOBkNiYn,Kara Schmidt,1989-05-01,,,Project Coordinator,,,"travel,adventure",Vision,Silver,,
94,E7434,jbarajas@example.com,FjKOrOAyCe,Jesse Parker,,Non-Binary,"Omaha, NE",Marketing Associate,45162.0,0.0,"travel,adventure",Vision,,,143.99
95,E6533,davidlee@example.org,JKiK2FYv5R,Tiffany Vaughn,,,"Fort Wayne, IN",Data Analyst,,1.0,,,,130.4,
96,E6005,javierwashington@example.net,USWoBPfTga,,,M,,Project Coordinator,52903.0,3.0,,,,,183.95
97,E3181,wallkenneth@example.com,PRjeHKaNPk,Adrian Ferguson,,,"Hartford, CT",Marketing Associate,50681.0,1.0,"family,wellness",Vision,Gold,96.9,136.86
98,E5668,brandon08@example.com,X8Sb22Q4tn,Beth Oneill,,,"Philadelphia, PA",Software Engineer,,0.0,"active,fitness",,,214.39,384.06
99,E1273,agarcia@example.net,Leaqnc7d8Y,John Peterson,1994-06-04,Non-Binary,"Hartford, CT",Data Analyst,80235.0,,"active,fitness",Dental,Silver,135.5,342.08
100,E2083,kingmichelle@example.org,tSBU92pdpf,Jennifer Jones,1990-08-08,,,,,2.0,,,Gold,61.88,
101,E9582,hernandezlisa@example.com,eqTKOeFDGx,,,,"Philadelphia, PA",Project Coordinator,59968.0,,,,,,331.09
102,E7870,yobrien@example.net,oupA6Uur0e,Joseph Hayes,1990-09-05,,"Chicago, IL",,75480.0,2.0,"family,wellness",,Gold,,390.15
103,E4201,levans@example.com,U5IWYpja7A,,2000-02-23,Non-Binary,,Project Coordinator,93370.0,,"mental_health,yoga",Health,Silver,55.12,364.05
104,E7102,mezajared@example.org,DVfLgGiO0z,,,Non-Binary,,UX Designer,70752.0,2.0,,,,,192.28
105,E4401,moorericky@example.net,CtDq2hfkZR,Doris Hall,2003-10-21,,,,,0.0,"remote,eco",,Platinum,180.11,
106,E3290,jacqueline71@example.net,had1Xoim0z,Dennis Moody,2002-02-19,M,"Omaha, NE",,,3.0,"active,fitness",,,,
107,E7270,ronaldstephens@example.net,RBlwn6lrrC,Derek Thomas,1988-10-10,,"Omaha, NE",Financial Advisor,,1.0,"tech,gadget",,Bronze,,
108,E9231,martinkyle@example.net,uyrlbuMob5,Tammy Gonzales,,F,"Chicago, IL",,,0.0,"mental_health,yoga",,,189.98,294.17
109,E1462,sbarker@example.com,TSw8KKjK8m,Kathryn Snyder,1999-01-15,M,,,79501.0,2.0,"mental_health,yoga",Vision,,69.88,
110,E9622,georgepamela@example.net,3x9exT8QzL,,1994-10-08,M,"Hartford, CT",Marketing Associate,56416.0,,"family,wellness",,,226.78,
111,E1530,keyemily@example.com,lMu6Z9NoOK,,,,"Omaha, NE",Software Engineer,50814.0,2.0,,,Bronze,,
112,E7783,lmoon@example.net,F4ywIyg1EY,Robert Costa,2002-08-07,,"Philadelphia, PA",Data Analyst,,,"mental_health,yoga",Dental,,296.02,
113,E3703,vbailey@example.com,M4BkdgvnmA,Shannon Rivera,2004-03-11,,,,82471.0,,,,,,
114,E2892,zroberts@example.net,tYzEF5QqfP,Brandon King,1992-02-23,F,,Marketing Associate,59827.0,,"tech,gadget",Health,Platinum,189.23,344.28
115,E7858,cordovarichard@example.net,9IR37EK4pE,April Booth,1996-11-08,,"Chicago, IL",Financial Advisor,,,"mental_health,yoga",,,,
116,E5225,mgutierrez@example.net,u6U6ZefyJz,Peter Garrett,1994-03-12,M,"Chicago, IL",,,0.0,"family,wellness",Vision,Gold,101.32,
117,E3821,harrisandrea@example.com,rzjNMRSzcz,Michael Martinez,1995-06-08,M,"Omaha, NE",Data Analyst,,3.0,,,Platinum,116.63,
118,E8237,jennifercollins@example.org,n60AVFWH3x,Anna Gay,1999-07-23,M,"Chicago, IL",Financial Advisor,,1.0,,Health,,252.35,
119,E1500,murraydavid@example.org,pxFMCl93EL,Dr. Jordan Hill PhD,,F,,,82503.0,1.0,,,Platinum,263.45,
120,E3167,jsanchez@example.org,PlMZaoqMZ8,Thomas Romero,2003-11-29,F,"Omaha, NE",Software Engineer,89380.0,3.0,"active,fitness",Vision,,,395.93
121,E5536,michellehill@example.com,qPT85PtmjH,Richard Adams,1989-04-10,Non-Binary,"Omaha, NE",,77595.0,2.0,"travel,adventure",Health,,222.61,
122,E6873,campbellkenneth@example.net,Gt2k1Q4Jls,,1990-11-14,Non-Binary,"Fort Wayne, IN",UX Designer,,2.0,"remote,eco",,,263.93,
123,E4187,wryan@example.com,Gh3RyHtAd3,Kimberly Gibson,1991-01-30,F,"Chicago, IL",,,0.0,"tech,gadget",Vision,,86.53,
124,E2442,molly39@example.com,iNBOBzB9Ey,,,F,"Omaha, NE",,,,"remote,eco",,,,151.79
125,E9587,zthornton@example.com,vB4Riv5FwW,,,M,,Data Analyst,,0.0,,Disability,Bronze,,
126,E7230,tylerjohnson@example.net,hJqESjnSRO,,1997-06-09,Non-Binary,"Chicago, IL",Software Engineer,51875.0,,"active,fitness",,Gold,,
127,E9980,dgarcia@example.org,F6nS7Evpaa,Jennifer Pena,1990-06-23,Non-Binary,"Philadelphia, PA",Data Analyst,51638.0,1.0,,,Silver,,
128,E2898,charlesharrington@example.com,g2W4ca2iQP,,1996-01-07,,"Philadelphia, PA",,71265.0,,"travel,adventure",Life,,,
129,E7816,melissa86@example.com,6LEZKRClNy,Stacy Freeman,,Non-Binary,"Fort Wayne, IN",,71953.0,,,Disability,Silver,,233.09
130,E2560,williamsonjimmy@example.net,BQUpEwQRPy,,2000-07-09,,"Fort Wayne, IN",Marketing Associate,,3.0,"remote,eco",Health,,,
131,E9166,wgood@example.net,CuhFVPbgzA,,,M,"Chicago, IL",Financial Advisor,87899.0,2.0,"active,fitness",,Platinum,,84.1
132,E1035,rebecca05@example.org,vw1O9ZsJHx,James Thomas,1989-01-10,,,,52913.0,,"mental_health,yoga",Health,Bronze,256.12,
133,E9260,yknight@example.org,i9FaHVdJ7B,Bob Pitts,1998-10-31,M,"Fort Wayne, IN",,88091.0,2.0,"travel,adventure",Disability,,290.17,
134,E7762,tyleraguilar@example.org,MS4VGt1SJ3,David Scott,2004-07-11,,"Fort Wayne, IN",UX Designer,,1.0,"tech,gadget",Health,Platinum,284.52,285.99
135,E9747,nolansteven@example.com,s42BZaHgby,,,F,"Fort Wayne, IN",Project Coordinator,49065.0,,,,Silver,,324.51
136,E5712,vanessa46@example.net,SQd7yyA9YR,Ryan Gonzalez,,,"Chicago, IL",Marketing Associate,86535.0,2.0,"family,wellness",Dental,,77.9,
137,E9418,gcastaneda@example.org,hycBrJqikL,Ian Phillips,1988-02-16,Non-Binary,,UX Designer,85984.0,2.0,"family,wellness",Health,Gold,288.39,
138,E9897,andrew64@example.org,Izfwo4nQvv,Melissa Garner,1992-11-24,Non-Binary,"Chicago, IL",,,1.0,"family,wellness",Dental,,,139.81
139,E1404,lozanojulie@example.com,6H0XxGZGCF,,,,,Financial Advisor,,1.0,"travel,adventure",Dental,Platinum,283.73,
140,E6434,danaoliver@example.net,cfedlYqJeK,Patricia Becker,1993-10-19,F,"Hartford, CT",Marketing Associate,,0.0,,,,215.19,148.53
141,E7249,courtneyberger@example.net,z0QbEkIoiV,Richard Johnson,2005-11-19,F,,Project Coordinator,45730.0,,"active,fitness",Life,,232.04,
142,E9397,jessica14@example.com,jkloN1qmhl,Casey Anderson,2000-09-21,Non-Binary,,,,3.0,,,Bronze,,
143,E3496,alyssa42@example.com,KKxZu9Bkau,,1992-12-19,Non-Binary,,Project Coordinator,76454.0,2.0,"travel,adventure",Dental,Bronze,,
144,E2252,julie51@example.com,Ue5b2GOb0L,Brenda Levy,2005-04-02,M,"Chicago, IL",Financial Advisor,,1.0,"family,wellness",,,165.59,346.79
145,E3717,zcoffey@example.net,WGiCklK8KQ,Richard Smith,1991-04-12,F,,,,0.0,"family,wellness",,Platinum,40.77,86.13
146,E5480,gibsonemily@example.net,1VqLIKlyPy,James Little,2002-08-27,M,"Hartford, CT",Software Engineer,68127.0,2.0,"travel,adventure",Health,,92.1,
147,E3578,daniel37@example.org,xMT0hQoAZv,Terri Murphy,1998-10-19,,"Fort Wayne, IN",,,,,,,78.61,259.78
148,E1305,deborahreid@example.com,4UUQ0s8fnC,Elizabeth Ortiz,1998-07-28,,"Hartford, CT",Financial Advisor,56919.0,,"tech,gadget",Life,,,120.82
149,E9263,brandonjohnson@example.com,RA0jMglE5N,David Medina,2005-07-31,,"Fort Wayne, IN",Financial Advisor,89470.0,3.0,"active,fitness",,Platinum,132.93,309.49
150,E2600,qchavez@example.net,BiqEXo62fs,Kimberly Matthews,2000-03-12,,"Philadelphia, PA",Data Analyst,69577.0,2.0,,,Platinum,195.21,
151,E8904,nicolepena@example.com,lxJJEqtKwX,Teresa Ramirez,,,"Fort Wayne, IN",Project Coordinator,,3.0,"family,wellness",,Bronze,,
152,E5310,jeff73@example.com,oxfMcUy7zN,Michael Stephens,1994-06-04,,"Fort Wayne, IN",,88049.0,,"family,wellness",Dental,,206.86,
153,E7544,bruce43@example.org,wQzzLmHaVT,,1990-01-08,Non-Binary,"Chicago, IL",,57748.0,3.0,,,Bronze,,
154,E9813,darleneharper@example.org,0YKqSC9yKE,Gavin Zhang,2004-12-27,F,"Chicago, IL",,,1.0,"mental_health,yoga",Life,Bronze,,189.63
155,E6603,caseyhubbard@example.org,eJ7lEuwn5K,Robin Hall,2004-09-25,M,,Software Engineer,,1.0,,,Bronze,209.12,317.49
156,E1692,kristinacarlson@example.com,2ExNuF545K,Brianna Anderson,,,"Fort Wayne, IN",,72733.0,0.0,"travel,adventure",,Bronze,154.22,
157,E2650,lauren10@example.org,uxN3qlJqpr,Richard Young,2001-10-01,M,"Fort Wayne, IN",UX Designer,,1.0,"family,wellness",Health,Silver,,330.01
158,E8749,alfred40@example.org,ZalAFi52OH,Kelly Reese,1995-01-30,,,Data Analyst,,2.0,,,Gold,,
159,E4259,xwest@example.net,KKPPIlXswu,Jodi Walker,1998-12-07,F,"Hartford, CT",Marketing Associate,54492.0,2.0,"family,wellness",,,,143.62
160,E5444,acostaregina@example.net,4CX38xVLH9,Judith Maynard,,,"Fort Wayne, IN",Project Coordinator,,,"active,fitness",Life,Bronze,171.48,86.37
161,E2381,lutzmelanie@example.com,P74ytopVsC,Katherine Browning,1990-12-11,,"Omaha, NE",UX Designer,75617.0,2.0,"mental_health,yoga",,Platinum,201.68,233.21
162,E6073,lammarc@example.org,6wEIoZfCtx,Donald Schultz,1991-06-29,M,"Fort Wayne, IN",Marketing Associate,90073.0,,"travel,adventure",,Bronze,80.91,
163,E7385,oscar98@example.com,1yoqfBOpHW,Larry Garcia,2001-10-02,,"Chicago, IL",,,,"travel,adventure",Vision,,,
164,E2675,farrelldebra@example.net,sriTCUaofj,,1992-11-14,F,"Hartford, CT",Marketing Associate,,,,,Gold,,
165,E8257,robertwilcox@example.com,pVcmDVXgHQ,Brandon Simmons,1998-08-09,F,"Fort Wayne, IN",Data Analyst,81017.0,2.0,,Health,Silver,,55.27
166,E2960,nicholas27@example.org,zYpacLYSES,Bradley Reynolds,1996-04-30,,"Philadelphia, PA",UX Designer,94778.0,0.0,"mental_health,yoga",,,180.75,171.56
167,E4161,lisa80@example.net,bSywUiq5cF,Kristina Santiago,2000-07-15,Non-Binary,,UX Designer,,,"mental_health,yoga",Vision,,,
168,E6965,qgomez@example.com,XNpuUeQ9I0,Michelle Schmitt,1999-10-03,,"Omaha, NE",Project Coordinator,51308.0,,,,,38.59,
169,E5193,michael98@example.org,dxoMTea76n,John Boone,1989-10-17,,"Chicago, IL",Marketing Associate,,2.0,,,Silver,56.22,
170,E9621,megan51@example.com,QpKO8lJVJA,Renee Bruce,2005-03-09,F,"Hartford, CT",Software Engineer,81042.0,2.0,"family,wellness",Life,Gold,299.15,194.32
171,E6299,lynchdiane@example.net,MpKInyXJ7V,Christopher Park,1998-02-23,,"Philadelphia, PA",,53852.0,,,,Gold,168.04,
172,E8542,sandra50@example.org,wjiqx4Lpoq,Kylie Morales,1990-01-22,Non-Binary,"Philadelphia, PA",,90193.0,0.0,,,Bronze,120.29,202.01
173,E2974,joycebonilla@example.org,3XoVP2M7aO,Cindy Barnes,,,"Chicago, IL",UX Designer,,3.0,"family,wellness",,Gold,,216.55
174,E9980,eric45@example.net,zqfzGBXSiW,,,F,"Fort Wayne, IN",Project Coordinator,,3.0,,,,123.02,
175,E6729,craigjoseph@example.net,N0ZCNjCc70,,2003-05-16,Non-Binary,"Philadelphia, PA",Software Engineer,54678.0,,"tech,gadget",,,,241.25
176,E9991,kariwilson@example.com,ENUjSSQbyL,Michael Watkins,,,"Fort Wayne, IN",Financial Advisor,75471.0,,,Vision,,,392.93
177,E2631,brandon69@example.org,5uF3MIflmG,Eric Clark,2000-07-29,,"Chicago, IL",Marketing Associate,,2.0,,,Bronze,267.24,
178,E5590,kathrynroberts@example.org,ojv5zQifUy,Paul Thompson,2003-03-17,Non-Binary,,Software Engineer,65472.0,2.0,,Dental,Silver,113.43,
179,E3378,opatel@example.net,P7K6kueJI8,Mary Gomez,1992-02-17,M,"Omaha, NE",Marketing Associate,64880.0,,,,Gold,195.34,
180,E2302,chensley@example.com,SXEiG2METP,Thomas Atkins,1996-09-09,,,Data Analyst,,1.0,,Life,Platinum,264.03,199.64
181,E7232,tberry@example.net,UuzN8VKMIH,Brian Smith,2003-10-17,,"Hartford, CT",Data Analyst,61103.0,3.0,"active,fitness",Disability,,148.68,
182,E3727,george97@example.net,BsN6dSH5jD,Anita Richard,,,"Chicago, IL",Project Coordinator,70760.0,,"travel,adventure",Dental,,216.76,328.77
183,E3024,ryanmorales@example.org,fhTCOxfHTy,Eric Morgan,1999-06-23,M,,Software Engineer,82060.0,,,,Gold,,113.24
184,E4323,kimberly18@example.net,aNWqaDF2FI,Jordan Bullock,2001-08-20,,"Hartford, CT",,,2.0,"family,wellness",,,,61.35
185,E5889,michael23@example.org,v6fdgAlkRs,Craig Morrison,2003-07-05,Non-Binary,"Fort Wayne, IN",Project Coordinator,,2.0,"travel,adventure",Life,,66.33,146.05
186,E9595,thompsonkendra@example.com,nSnNdgKUOH,Justin Riley,1998-11-06,Non-Binary,"Omaha, NE",UX Designer,82692.0,2.0,"family,wellness",Disability,,78.57,298.01
187,E1025,michelle52@example.com,hbDOYhV2nZ,Jeremy Turner,1997-04-19,F,,Software Engineer,61673.0,2.0,"family,wellness",,,225.59,
188,E6415,brittany58@example.org,1v7RE6EZcP,,1991-06-26,Non-Binary,"Hartford, CT",Marketing Associate,48671.0,2.0,"tech,gadget",,Gold,,
189,E1510,chase19@example.net,vyOI1kKMyl,Julie Spencer,2005-07-18,Non-Binary,,Data Analyst,,,,Vision,Silver,,218.93
190,E4116,colelisa@example.net,v7EU3HtXuj,Larry Mason,1990-03-15,Non-Binary,,Data Analyst,91771.0,,"active,fitness",Disability,,42.46,
191,E6114,hayeslisa@example.com,O5nummsrIu,Mrs. Maria Williams,,,,Financial Advisor,,2.0,,Vision,,,
192,E8712,hritter@example.net,5RdgydfBzl,Helen Hardin,2001-04-17,Non-Binary,"Chicago, IL",UX Designer,91720.0,0.0,"travel,adventure",Health,,113.81,
193,E4666,vortiz@example.net,j35Nq6xzlS,Rachel Holland,1995-05-30,F,,Data Analyst,75227.0,2.0,"family,wellness",,,205.35,
194,E7773,riveraangela@example.com,pNpJkEyevn,Nathaniel Douglas,2001-04-03,F,"Omaha, NE",,,,"family,wellness",,,,88.06
195,E7208,mathewaguilar@example.org,uFPQdfn0i4,Emily Douglas,2004-12-06,M,"Fort Wayne, IN",UX Designer,82875.0,1.0,,Vision,Platinum,277.08,253.95
196,E9362,tanderson@example.org,z2i2sdx5J9,,2003-10-10,,"Omaha, NE",Software Engineer,,2.0,"travel,adventure",,,,373.57
197,E3527,elizabethcalderon@example.net,s3QiiaePbj,Susan Davis DDS,1998-12-01,,"Hartford, CT",Project Coordinator,72898.0,3.0,"family,wellness",,,,305.82
198,E5411,andrew42@example.org,A7IKxccKET,Ralph Lee,2001-01-05,,"Chicago, IL",UX Designer,50127.0,,"tech,gadget",Health,Gold,273.97,
199,E8687,ericphillips@example.org,KUvAw9Zssk,,2001-05-27,Non-Binary,,Marketing Associate,,2.0,,,Bronze,,148.34
200,E1232,stanleynancy@example.net,VhMl6LVjQC,James Martin,1991-12-07,,"Fort Wayne, IN",Data Analyst,50531.0,1.0,"travel,adventure",Dental,,,274.79
201,E2900,jenniferwilliams@example.com,dkDzEtEV8W,Cynthia Wallace,1993-03-29,Non-Binary,,,,2.0,"tech,gadget",Health,Gold,146.58,
202,E5375,karen73@example.net,ZgqPLzDXRV,,2003-01-26,M,"Fort Wayne, IN",Data Analyst,,0.0,"tech,gadget",Dental,,,378.48
203,E4552,michealvalentine@example.com,8MOhT9hf2M,,2002-09-21,Non-Binary,"Fort Wayne, IN",,64304.0,0.0,"remote,eco",,,,
204,E5336,mburch@example.net,lCeF7mNzlP,David Davidson,1991-03-24,,"Philadelphia, PA",Project Coordinator,,2.0,"active,fitness",Dental,Bronze,,295.02
205,E1060,angela18@example.org,GT8XFEBz2U,Phillip Nelson,,,,Financial Advisor,,2.0,"tech,gadget",,,154.1,
206,E1644,mariahdavis@example.org,9yQmtSy5gO,Stacey Arias,,Non-Binary,,,,,"family,wellness",Life,Platinum,,168.2
207,E7643,gbrown@example.com,hnZPQHD8R3,Zachary Brooks,1991-05-05,M,"Philadelphia, PA",Marketing Associate,75881.0,,,Dental,Gold,56.27,
208,E2742,florescory@example.net,hFMZNoeZmB,Raven Taylor,2004-07-20,,"Chicago, IL",UX Designer,58974.0,1.0,,,Gold,148.44,
209,E7162,samantha72@example.net,Xkb4Ffaal7,,2002-08-14,F,"Hartford, CT",,62756.0,,"mental_health,yoga",Health,Platinum,53.77,
210,E4860,scottmary@example.net,mhHgNx3WIG,,2005-04-11,,,Software Engineer,76091.0,1.0,,,,196.54,
211,E1859,john10@example.org,7IlkYbFGhe,Riley Bryant,2004-03-06,Non-Binary,"Fort Wayne, IN",,,,"travel,adventure",Life,,160.79,100.73
212,E8454,copelandvincent@example.net,lyxiDUmOwr,,,,,Marketing Associate,56219.0,1.0,,Disability,,,398.48
213,E8581,kellysmith@example.com,raUBV3ppuB,Jason Beck,2001-04-09,Non-Binary,"Hartford, CT",Data Analyst,93069.0,0.0,"travel,adventure",,,233.33,
214,E6872,millsmichael@example.net,spPfbEQtkT,Rachel Romero,2000-10-16,M,"Hartford, CT",Project Coordinator,69275.0,0.0,"active,fitness",Vision,,102.84,239.85
215,E2326,myerstheodore@example.net,N4vV7dG86R,James Burgess,,F,"Philadelphia, PA",Software Engineer,,,,Health,Silver,,364.28
216,E7929,kristina53@example.net,rdexwCFGH1,,2003-12-02,Non-Binary,"Hartford, CT",Project Coordinator,,,"travel,adventure",Vision,,104.5,223.72
217,E9530,dennis58@example.com,8ObsARI7iE,Carrie Maxwell,1997-12-15,,,Software Engineer,79053.0,3.0,"tech,gadget",,,183.16,157.27
218,E4715,epollard@example.net,ExsX2djwsD,Chad Baldwin,2001-11-15,Non-Binary,"Fort Wayne, IN",Project Coordinator,88670.0,,"active,fitness",,,85.39,282.94
219,E3423,mjohnson@example.org,xCIkIth6bz,Stacey Stewart,,F,,Project Coordinator,,2.0,"remote,eco",Disability,,,64.03
220,E2914,zachary87@example.com,tbzN1oCwfu,,,,,Data Analyst,74193.0,0.0,,Vision,Bronze,,
221,E7108,glennmartin@example.org,aswwtC3Jfn,Jessica Ross,1997-12-18,F,,Project Coordinator,72776.0,,"family,wellness",,Platinum,,376.6
222,E7156,ykline@example.com,faAO6rAlJD,Kathleen Jimenez,2004-12-08,,,,64791.0,2.0,"tech,gadget",Health,,288.13,215.39
223,E5713,laurie61@example.com,AlF6SPpbhW,Samantha Gardner,1989-06-30,F,"Chicago, IL",UX Designer,76197.0,0.0,"tech,gadget",,,154.48,
224,E6917,curtis54@example.com,AO69wdssHO,Mitchell Jackson,,,"Philadelphia, PA",Software Engineer,65723.0,,"tech,gadget",Health,Gold,33.48,
225,E6575,cbell@example.net,66kgnjGo1m,Heather Bolton,2000-07-12,Non-Binary,"Chicago, IL",Data Analyst,,1.0,"travel,adventure",,Platinum,191.37,169.72
226,E1471,danielle01@example.net,V0hoi2SjSo,Heidi Owen,,M,,Marketing Associate,,0.0,"family,wellness",,,,
227,E4365,stephaniethomas@example.net,L5mlQwbfj2,Jessica Martinez,1994-03-22,F,"Chicago, IL",,,0.0,,,Bronze,,226.47
228,E7004,kimberlydiaz@example.com,SLlCR9gl1w,Amanda Hernandez,,M,,Data Analyst,77493.0,2.0,,,,228.77,
229,E7672,xrush@example.com,s2Bm2e51ZE,Laura Moreno,,Non-Binary,"Philadelphia, PA",Financial Advisor,,3.0,"family,wellness",,,190.64,92.97
230,E9177,redwards@example.org,rWTXLLrWYZ,Allison Lopez,1996-12-22,Non-Binary,"Hartford, CT",Financial Advisor,,2.0,"mental_health,yoga",,Bronze,,112.68
231,E6356,hmcintyre@example.com,jtNNgWeQWH,Michele Lewis,2005-10-12,F,"Hartford, CT",Financial Advisor,80424.0,0.0,"active,fitness",Vision,,38.87,
232,E3689,heather73@example.org,FBitTyFWhK,Benjamin Thompson,2002-10-21,Non-Binary,"Hartford, CT",Software Engineer,,3.0,"remote,eco",,Bronze,,333.34
233,E6591,zosborn@example.net,ygBwwAwdQp,,2002-07-15,M,"Philadelphia, PA",Data Analyst,46291.0,0.0,"travel,adventure",,Platinum,,186.61
234,E9001,piercekelly@example.com,gSRnvFGZWQ,Michelle Ho,2001-10-15,,"Philadelphia, PA",,,3.0,"family,wellness",Health,Bronze,103.81,
235,E6690,laurahicks@example.org,YeP0tGZtBQ,Dr. Cynthia Snyder,1992-06-27,F,"Hartford, CT",,46219.0,1.0,"mental_health,yoga",,Platinum,,
236,E4938,angela57@example.net,jVRWt2BAu3,Stephen Jones,1989-06-11,,"Omaha, NE",UX Designer,60475.0,,,,,,
237,E5551,ukey@example.com,QJlP2c9UFY,,1989-11-18,F,"Hartford, CT",Project Coordinator,,,"family,wellness",Health,,54.37,
238,E7388,martinezlogan@example.org,ZVVp7Bnjgl,,1994-02-27,F,"Philadelphia, PA",UX Designer,,3.0,"mental_health,yoga",,Gold,35.69,262.04
239,E1895,katrinaanderson@example.net,S6YQpqJytO,Amy Martinez,1996-02-20,,"Fort Wayne, IN",,70754.0,2.0,,Dental,Gold,,61.86
240,E9055,kevinmartin@example.net,EVA71vTB46,Travis Stone,1991-08-06,,"Hartford, CT",Financial Advisor,74704.0,0.0,"mental_health,yoga",,Silver,,105.24
241,E3131,meghan43@example.net,2MRAY8uCE3,Denise Weber,,Non-Binary,,Marketing Associate,70788.0,,"active,fitness",Disability,Bronze,83.53,
242,E8027,shawgary@example.net,Mqjf9xk8Kh,,1999-10-17,F,,,,3.0,"travel,adventure",,Gold,,
243,E5289,megan90@example.org,pNC6pxLRPD,,,F,"Hartford, CT",Project Coordinator,72740.0,,,Vision,Platinum,299.12,388.52
244,E1745,debra96@example.net,aqGNytzQxi,Kathleen Burton,,,"Chicago, IL",UX Designer,,,"active,fitness",,Gold,,356.93
245,E5321,dawn47@example.org,HuB5kuVFW8,,2002-09-29,,,,,3.0,,Vision,,60.37,
246,E4337,barkereric@example.com,3sl1kVG0rK,Mr. Lawrence Edwards,,M,,,77644.0,,"tech,gadget",,Bronze,,340.74
247,E8439,jessica56@example.org,O9rMQavcPN,Kayla Rodriguez,1995-04-15,Non-Binary,,Data Analyst,,0.0,"family,wellness",,,290.56,81.22
248,E3669,stevenadams@example.org,yXzsPW9Pjh,Anthony Dougherty,2005-12-19,F,,,69081.0,3.0,"travel,adventure",Disability,Bronze,248.97,
249,E1662,kwright@example.com,GvDRoPRTj7,Michelle Lee,2002-02-13,,,Marketing Associate,53374.0,2.0,"family,wellness",,Bronze,168.62,
250,E5151,tyronerobertson@example.com,wqLfXGbhVQ,Kathleen Davis,,,"Hartford, CT",UX Designer,92454.0,3.0,"remote,eco",,Bronze,193.09,87.22
251,E1095,pwagner@example.org,zhakPEDSz3,Amber Campbell,2004-09-09,F,"Chicago, IL",Project Coordinator,,,,Health,Silver,86.49,
252,E9824,amitchell@example.org,mftXDjEBbh,,1991-06-02,F,,Marketing Associate,,,,Life,Platinum,190.88,
253,E8964,zdiaz@example.org,GLUN7R503F,,1989-05-12,F,,Project Coordinator,,2.0,,Vision,,,
254,E8675,hughesshannon@example.net,i4sUTy9A18,William Becker,2004-06-22,F,"Fort Wayne, IN",UX Designer,50648.0,,"mental_health,yoga",Health,,,56.35
255,E6849,andersoncolin@example.com,Rkl035GcZe,Gina Mcmillan,1990-07-22,M,,UX Designer,48058.0,2.0,"tech,gadget",Disability,Bronze,,
256,E2734,jameshicks@example.net,YNNY28g0Jc,Andrew Reeves,1991-09-30,M,"Fort Wayne, IN",Project Coordinator,78154.0,,"remote,eco",,,142.25,135.86
257,E6592,jstone@example.net,sGkfrxTWAx,Brenda Velazquez,,Non-Binary,,Marketing Associate,71824.0,2.0,,Health,,115.0,
258,E1607,francisco94@example.net,Q7Pj5KdOTZ,Ronald Patel,1999-08-29,F,"Chicago, IL",Project Coordinator,,2.0,"family,wellness",,Silver,198.58,
259,E7627,thomas05@example.com,Xm4tfcIvyU,Veronica Silva,1990-10-29,,"Philadelphia, PA",UX Designer,94613.0,,"family,wellness",Dental,Gold,,
260,E9314,carlsonjoseph@example.net,whdWP8hCtK,Paula Lane,1998-03-01,M,"Chicago, IL",Project Coordinator,,,"tech,gadget",Dental,,,
261,E3401,silvageorge@example.net,TB1AffdB4i,Patricia James,,Non-Binary,"Chicago, IL",Marketing Associate,83292.0,3.0,"tech,gadget",Life,Platinum,,
262,E9408,anthonyvaughan@example.org,3HhSnDEcVk,Jeremy Barnes,1996-04-13,M,,UX Designer,47639.0,0.0,"remote,eco",,,,362.99
263,E4532,avaughn@example.net,l0VFahJwe3,,1998-10-16,Non-Binary,"Omaha, NE",Marketing Associate,,1.0,"travel,adventure",,,198.69,185.53
264,E6554,thorntonapril@example.net,Ic9Q4CVrPf,Matthew Fox,,Non-Binary,"Omaha, NE",Data Analyst,,0.0,,Life,,,56.64
265,E5018,sue78@example.com,1T14LCfZIM,Megan Dillon,,M,"Fort Wayne, IN",Financial Advisor,,0.0,,Vision,,,
266,E1445,chelsea33@example.com,TdtygujA5u,Courtney Dudley,,M,,Financial Advisor,70234.0,,"travel,adventure",,Platinum,,243.93
267,E2663,kellie37@example.com,pWJPYitKAC,,2002-04-05,M,"Fort Wayne, IN",Financial Advisor,81382.0,0.0,,,,97.74,399.73
268,E4485,keith98@example.com,L1GsckVIKe,Jennifer Reed,1996-11-12,M,"Omaha, NE",Software Engineer,65860.0,2.0,"tech,gadget",Dental,,154.15,55.56
269,E1033,kellyroberts@example.net,MEa5aRlAJ5,Thomas Douglas,1998-12-19,,"Philadelphia, PA",Project Coordinator,,3.0,"remote,eco",,Gold,,
270,E6862,ilewis@example.com,mf0NOtZToo,Melissa Taylor,,F,,Software Engineer,,2.0,,Dental,,,140.87
271,E4734,johnsantiago@example.net,4HUYrm2RbS,David Garcia,2001-10-12,Non-Binary,"Philadelphia, PA",Project Coordinator,,2.0,,,Gold,41.74,66.44
272,E9723,jennifer12@example.org,Cuazmvf4KZ,,,Non-Binary,"Philadelphia, PA",,,,"travel,adventure",Disability,Gold,,385.58
273,E6465,mwoods@example.com,HYp8eXMNCW,,1998-01-05,M,"Philadelphia, PA",,,,"family,wellness",,Bronze,,83.54
274,E4819,pearsonjesse@example.net,3MYQNaDyDY,Taylor Gentry,2001-11-28,F,"Philadelphia, PA",UX Designer,,0.0,"mental_health,yoga",Dental,,159.98,
275,E1722,robertmonroe@example.org,ditLBG9PWw,Jennifer Simpson DVM,2000-02-20,M,"Chicago, IL",UX Designer,78926.0,,"family,wellness",Disability,,293.66,
276,E4102,nancy04@example.net,QESSDMSv2L,Tanya Rogers,1995-07-12,F,"Philadelphia, PA",Data Analyst,45242.0,1.0,,Vision,,79.75,
277,E1491,ihays@example.net,JhjsCmOL6W,Todd Rosales MD,,,"Omaha, NE",UX Designer,,,"remote,eco",Health,,,
278,E4934,lisarivera@example.net,xZxQk8HZN4,David Lopez,,M,"Fort Wayne, IN",Software Engineer,,3.0,"mental_health,yoga",Disability,Gold,,328.46
279,E9327,krystal93@example.org,9L4FnUfYEY,Margaret Sullivan,,F,"Chicago, IL",Financial Advisor,66091.0,3.0,"travel,adventure",,,,
280,E7963,frobertson@example.com,4yKk71xqJf,,1989-11-19,Non-Binary,,Financial Advisor,72925.0,3.0,"travel,adventure",,,,78.85
281,E9401,shari04@example.com,IPfYr7oghe,Paul Finley,,M,"Omaha, NE",Project Coordinator,57493.0,1.0,"tech,gadget",,,123.59,381.04
282,E1194,brandi90@example.com,EPGW8j3zoo,Melissa Brown,1992-09-15,Non-Binary,"Chicago, IL",Project Coordinator,67325.0,2.0,"travel,adventure",,Platinum,,
283,E1158,marshallerik@example.net,FZQ1wvoABR,Stephanie Padilla,2005-02-09,,,Data Analyst,55072.0,2.0,"family,wellness",Disability,,135.47,
284,E8397,hannah45@example.net,O5tfkgRJlc,Tyler Mendoza,2001-07-13,,,Software Engineer,,0.0,,,,142.97,186.15
285,E4382,madkins@example.com,i3ntB0TQEk,Joshua Ruiz,1994-12-17,Non-Binary,,Data Analyst,,3.0,"mental_health,yoga",Disability,,,276.2
286,E6681,kathleenbecker@example.net,S1TYtzN0Z2,,,Non-Binary,"Hartford, CT",,,,,,Bronze,,222.72
287,E2986,christian91@example.org,xeWgGXXuAC,,1992-08-25,,"Hartford, CT",Project Coordinator,,,"tech,gadget",Vision,,48.42,134.8
288,E3297,franklinbond@example.com,E0r1kk1bMg,,1990-10-14,,"Philadelphia, PA",Software Engineer,,0.0,,Health,,,51.63
289,E4305,nolansean@example.org,7px6pmfbAb,Jose Bryant,1995-07-24,Non-Binary,"Fort Wayne, IN",Data Analyst,,,,,Silver,,
290,E2734,hansenemily@example.com,wulazPuayn,Jennifer Velasquez,1989-06-24,F,,Software Engineer,84247.0,0.0,,Health,Platinum,292.54,166.22
291,E6209,bethwilliams@example.com,2QEevbM6LC,Kimberly Brown,2002-05-14,Non-Binary,,Financial Advisor,,3.0,,,,131.45,133.32
292,E8270,andersenthomas@example.com,V4viruPYWc,Randy Cannon,1997-04-21,F,"Fort Wayne, IN",UX Designer,58488.0,1.0,"tech,gadget",Disability,,,222.07
293,E1853,ybrooks@example.com,Oj8niflLJ1,Susan Bennett,,M,"Hartford, CT",,,1.0,"family,wellness",,,,
294,E9278,desireebailey@example.org,NVBWj09YEb,Jenna Anderson DVM,1997-08-02,F,"Fort Wayne, IN",Software Engineer,,2.0,"family,wellness",,,,351.58
295,E7131,avilatiffany@example.com,Fz7A8zVxyF,Kimberly Patel,,M,"Philadelphia, PA",,95000.0,2.0,"tech,gadget",Life,Gold,205.74,
296,E1565,johnreed@example.com,60xOTRbSQP,,2001-07-30,,"Fort Wayne, IN",Project Coordinator,,0.0,"travel,adventure",Disability,Bronze,,
297,E5951,pachecorobert@example.org,G9IQ4yLtUA,Austin Wheeler,2004-04-26,M,"Omaha, NE",UX Designer,,,"mental_health,yoga",,Platinum,206.72,
298,E3200,tharper@example.org,mFlG8hCK0n,,1989-04-28,,"Hartford, CT",,,,,,,,71.37
299,E1118,karenparsons@example.org,QLYcgnHYay,Donna Cabrera,2005-01-28,F,"Omaha, NE",UX Designer,67483.0,1.0,"tech,gadget",,Gold,,
300,E3275,barbara53@example.com,bMh3Hr8SW0,,1998-02-19,Non-Binary,"Chicago, IL",,86816.0,,"remote,eco",Vision,Silver,138.04,
301,E8800,dturner@example.net,Q2S5gUysMm,Sheryl Buck,1999-08-31,Non-Binary,"Fort Wayne, IN",Data Analyst,89109.0,,"travel,adventure",Life,,76.02,
302,E1478,dpeters@example.com,k77u5yXroU,Megan Floyd,1998-09-06,,"Fort Wayne, IN",Project Coordinator,50927.0,2.0,"family,wellness",,,223.71,183.58
303,E8159,heather62@example.com,Zooqhsfhfv,Paul Wells,1992-03-21,M,"Fort Wayne, IN",Marketing Associate,,1.0,"travel,adventure",Vision,Silver,,188.36
304,E8546,kevinzimmerman@example.com,uj08s1oFRD,,,Non-Binary,"Philadelphia, PA",UX Designer,,3.0,"mental_health,yoga",,,223.53,
305,E1861,paulscott@example.com,73Xl2FUzt0,Tammy Boone,1991-07-28,Non-Binary,"Hartford, CT",UX Designer,,,"mental_health,yoga",,,243.64,68.94
306,E5981,nicholsmaria@example.org,DPkKiCSEs5,,1992-11-21,M,"Philadelphia, PA",,,3.0,"mental_health,yoga",,,44.17,277.53
307,E3434,lopezkathleen@example.net,OUzpchpzFt,Claire Clark,1991-11-14,F,"Philadelphia, PA",Project Coordinator,86440.0,,,Life,,184.71,145.8
308,E3967,kevin03@example.org,yEPSBtKigu,,2005-11-01,F,"Philadelphia, PA",Financial Advisor,79739.0,0.0,"mental_health,yoga",,,,63.7
309,E3641,srocha@example.net,fJq2WcfhGt,Jennifer Allen,,,,Financial Advisor,64228.0,,"travel,adventure",Disability,Gold,167.86,
310,E1601,kimberly67@example.net,mjt21n9iMJ,,1996-01-20,Non-Binary,"Philadelphia, PA",UX Designer,55703.0,0.0,"tech,gadget",Dental,Bronze,102.74,275.95
311,E9379,zowens@example.net,MkA0juYByb,Ryan Rocha,,M,"Chicago, IL",UX Designer,68777.0,,,,,58.35,111.51
312,E6022,lawrence09@example.org,L0ZFgHwSK3,Alexis Tran,1994-01-29,,,Project Coordinator,79844.0,3.0,,Disability,,,371.45
313,E7064,mphillips@example.com,TXpRMATDlC,Kelly Sanchez,2005-11-28,,"Hartford, CT",Project Coordinator,,0.0,"travel,adventure",Health,Bronze,,70.09
314,E9074,jonathan77@example.com,Z3a98BRG7U,,1999-03-02,Non-Binary,"Philadelphia, PA",,,3.0,"tech,gadget",Disability,Bronze,290.45,358.68
315,E4687,iwhite@example.net,lex1iGw8dB,Kelly Combs,1991-10-28,M,"Fort Wayne, IN",Data Analyst,,,"tech,gadget",Dental,Bronze,270.97,
316,E8542,landryelizabeth@example.org,vtwgaw4Ulz,Ryan Hall,1990-04-10,,"Chicago, IL",,,,"travel,adventure",,Silver,102.76,
317,E3291,albertwagner@example.com,wVBaw43Tmh,,,F,,Software Engineer,88597.0,0.0,"family,wellness",,Platinum,279.36,
318,E2767,bhopkins@example.org,YbijwGaXRp,,1995-09-03,Non-Binary,"Hartford, CT",UX Designer,94866.0,1.0,,Health,Silver,,
319,E9230,amanda40@example.net,Nlm2LOOjoh,,1988-11-10,M,,,,2.0,,,Platinum,,
320,E7849,danieldavis@example.org,pu5dlcadQV,Manuel King,1994-05-26,,,Marketing Associate,,0.0,"mental_health,yoga",Vision,,104.51,
321,E2971,joseph61@example.com,cL964P0mmT,Judy Sanchez,,Non-Binary,"Omaha, NE",Software Engineer,,1.0,,Disability,,223.68,
322,E9255,kevinclayton@example.org,YbkMrS9isc,Shannon Malone,1989-05-13,,"Hartford, CT",Financial Advisor,,3.0,"travel,adventure",,,88.81,357.7
323,E8461,sullivannicholas@example.com,GTUHqt2osT,Adam Jackson,,M,,Software Engineer,63203.0,2.0,"active,fitness",Dental,Silver,,
324,E2363,pbruce@example.com,8T4JqUiA5N,Shannon Davis,1989-04-14,M,"Fort Wayne, IN",,46024.0,0.0,"tech,gadget",Vision,Silver,,253.58
325,E7479,hallrachel@example.net,jCoUUBxj5E,,1992-01-26,,"Hartford, CT",Software Engineer,,1.0,"tech,gadget",,,275.47,85.08
326,E1193,cohenjuan@example.net,Mgyybh0aW1,Amanda Mcfarland,,,,Data Analyst,51969.0,2.0,,Life,Platinum,,135.33
327,E5382,alexis39@example.org,OIhb0cgIsg,Michelle Sanders,,,"Hartford, CT",UX Designer,59803.0,3.0,"tech,gadget",,,,
328,E6906,evansanne@example.net,776f5cMjlB,Jasmine Mosley,,,"Omaha, NE",UX Designer,,3.0,"remote,eco",Health,Silver,,206.34
329,E8838,patrick21@example.net,0ehKB9Urjf,Haley Davis,,F,"Hartford, CT",Project Coordinator,84435.0,,"tech,gadget",,Platinum,163.0,
330,E7911,marypeterson@example.net,HKXSZVoSfp,Jennifer Ayala,1992-07-23,M,"Hartford, CT",,,,"mental_health,yoga",Disability,,,98.23
331,E3344,walterskristen@example.com,yUbS9BxdSg,Henry Pugh MD,1989-08-27,Non-Binary,,,,,"mental_health,yoga",Dental,,,
332,E2822,nmiller@example.com,jd4PcMWlGk,,1997-07-02,F,"Omaha, NE",Financial Advisor,59897.0,,"active,fitness",Dental,Platinum,,311.1
333,E2264,normanbowers@example.org,0SDEuPPz0y,,1996-05-01,,,Financial Advisor,,,,,,84.47,
334,E1735,hahnsean@example.com,KYEcduf8ta,Brandon Jordan,2004-11-09,F,"Omaha, NE",Project Coordinator,53488.0,0.0,"tech,gadget",Disability,,,
335,E3641,fgarcia@example.com,jRDf4Of8To,Linda Mueller,2003-04-14,,"Chicago, IL",Project Coordinator,79294.0,2.0,"mental_health,yoga",Vision,,222.45,133.69
336,E2228,asmith@example.com,9jKOFgZajX,Misty Hansen,2000-04-09,M,"Hartford, CT",,63357.0,,"mental_health,yoga",,Platinum,,373.46
337,E8999,ashleyjackson@example.com,cx2szA2N6R,,1996-03-23,Non-Binary,,Marketing Associate,62224.0,0.0,,Dental,,,249.55
338,E4654,bryanhamilton@example.com,y3DQfwDDPI,Richard Ward,,M,"Hartford, CT",Software Engineer,,,"tech,gadget",,Silver,,248.87
339,E7230,jennifersimpson@example.net,d7ZxYBEndn,Brian Torres,2005-01-05,,,Data Analyst,,3.0,,,,,
340,E6722,ncook@example.com,8AEEISYk9S,Erin Cook,2003-07-17,M,,Project Coordinator,,,"travel,adventure",Life,Bronze,,302.8
341,E3059,kevinmorrison@example.net,OCOLgcnVmA,Ernest Oconnell,,,"Fort Wayne, IN",Project Coordinator,,,"remote,eco",Health,,124.97,199.05
342,E6502,kelly79@example.org,h7lDBxlJMk,Douglas Hartman,1996-07-22,Non-Binary,"Hartford, CT",Project Coordinator,51502.0,,"active,fitness",,Bronze,165.91,283.7
343,E4471,daniel93@example.net,oXDJyhm2E8,,2005-10-20,F,,UX Designer,,2.0,"travel,adventure",Health,,37.09,344.27
344,E6201,nhahn@example.com,vk9KBpJzmN,Sandra Jones,1989-02-26,Non-Binary,"Hartford, CT",Software Engineer,65848.0,,"tech,gadget",,Platinum,,243.52
345,E4338,ichambers@example.net,ffbBaOXLjb,David Moore,2000-03-11,M,"Philadelphia, PA",Software Engineer,86580.0,,"tech,gadget",,Silver,,
346,E2359,emccormick@example.com,7jObOL3ghD,Karen Morales DDS,,,,Marketing Associate,,3.0,,,,114.67,
347,E1166,ystephens@example.com,5lQKOM2chv,Robin Wheeler,1998-11-08,Non-Binary,"Fort Wayne, IN",UX Designer,57638.0,0.0,,,,,
348,E5483,rodriguezjohn@example.net,Em9fwTJPsD,Matthew Williams,1999-02-13,F,,Project Coordinator,,,"family,wellness",Dental,,150.46,
349,E2762,vrasmussen@example.com,MyBmKwx5O0,,1991-10-02,,,Project Coordinator,,,"remote,eco",,,,
350,E1178,seanmyers@example.net,TvnDKYu5oJ,,1994-05-12,,,Financial Advisor,,3.0,"travel,adventure",,Bronze,164.64,
351,E3803,webbkenneth@example.org,MuLypKbsbP,Todd Thomas,2000-11-29,,,Financial Advisor,,,"active,fitness",Life,,,
352,E1771,matthew38@example.com,ztSDF2P96h,Brent Bowen,,,,UX Designer,92464.0,,"tech,gadget",Vision,Bronze,,
353,E5985,tflores@example.org,eqvSNYZyrS,,1991-02-02,,"Fort Wayne, IN",Marketing Associate,,1.0,"tech,gadget",,,,78.98
354,E4971,byrdfrank@example.net,QPV2nSeeFd,,,,"Philadelphia, PA",Financial Advisor,78680.0,2.0,,,,128.18,353.75
355,E7556,omullen@example.com,merBkRt83K,Charlotte Sandoval,1991-04-21,M,,,46873.0,3.0,"active,fitness",,,165.59,
356,E2602,njohnson@example.org,dPyU7Bmsmz,,1994-03-10,F,"Philadelphia, PA",,,0.0,,Health,,197.46,
357,E5395,jamiegoodwin@example.org,FnkYnwOsTM,Rebecca Herrera,,Non-Binary,"Chicago, IL",UX Designer,,2.0,,,Bronze,,391.03
358,E3797,mark71@example.com,RW2aMwELaF,Katherine Church,,M,"Omaha, NE",Financial Advisor,,,"tech,gadget",Life,Gold,,
359,E6467,candice96@example.net,5HXQ2351ME,,2003-05-19,,"Hartford, CT",Project Coordinator,68409.0,1.0,"tech,gadget",,,287.8,387.91
360,E9927,lisamccarthy@example.com,56C94Hlq6R,Leslie Powers,1995-06-06,F,"Omaha, NE",Data Analyst,,0.0,"travel,adventure",,,,102.58
361,E3664,david41@example.org,tFseZsaDcn,Charles Price,,F,"Hartford, CT",,,2.0,"family,wellness",,Bronze,68.51,201.22
362,E5764,baileyhenderson@example.com,ocE7wpZROy,Melissa Brewer,1990-03-14,F,"Fort Wayne, IN",Project Coordinator,,,"travel,adventure",,Gold,199.65,181.59
363,E8158,angelaburns@example.org,giHCSuG7RT,Ryan Harvey,1995-12-11,F,,,,1.0,"remote,eco",Disability,Silver,272.98,68.74
364,E3063,stephanie72@example.org,zQaDZW3HD1,,1989-03-24,,,UX Designer,,,"family,wellness",Health,Silver,,363.27
365,E3535,fortiz@example.com,tOtU7aZFNS,,,Non-Binary,,,46615.0,3.0,,Life,Silver,177.61,288.46
366,E3018,flynnjeffrey@example.org,BjOblj0VQp,,2004-08-19,M,,Data Analyst,,2.0,"tech,gadget",,,,186.3
367,E1558,xcunningham@example.com,PP5QNCc66w,Ashley Wilson,1998-06-30,,"Fort Wayne, IN",,91283.0,,"mental_health,yoga",,,,187.88
368,E8925,amber07@example.net,y9EMQlKT7G,Jeffery Fitzgerald,1999-10-14,Non-Binary,"Chicago, IL",Financial Advisor,,,,,Silver,248.31,132.82
369,E3850,kennethkidd@example.com,U5yWA7edNq,,,F,"Philadelphia, PA",,,,"travel,adventure",,,172.7,
370,E2576,rowejoel@example.net,ncZi5axXAK,Heather Page,1989-08-12,Non-Binary,"Chicago, IL",Software Engineer,76046.0,2.0,"family,wellness",,Platinum,,
371,E9170,imartin@example.org,odMIvbo08s,Renee Hudson,1993-08-21,,"Fort Wayne, IN",Data Analyst,60820.0,2.0,"active,fitness",Health,Gold,,120.18
372,E1973,candice25@example.net,inJ0Uv7WQ6,Kenneth Farley,1993-04-14,Non-Binary,"Philadelphia, PA",Data Analyst,84200.0,0.0,"travel,adventure",Vision,,167.05,
373,E4731,taylorkaren@example.com,b7dbXYZmIM,Wendy Camacho,2003-04-18,M,"Philadelphia, PA",Marketing Associate,73162.0,,"active,fitness",,,,
374,E9785,jacquelineanderson@example.org,KcZa3Up0de,,,M,"Chicago, IL",Software Engineer,53501.0,3.0,,Vision,,,
375,E5959,kburns@example.net,8xXJs3PpH5,Jason Hayes,2003-08-26,,"Hartford, CT",Financial Advisor,,1.0,,,Gold,,
376,E8434,powellkara@example.net,8hbF1crrLy,Jackie Clements,,Non-Binary,"Philadelphia, PA",Marketing Associate,,1.0,,,Gold,275.71,167.68
377,E5301,brandi17@example.net,ZWLnWbvU1N,Heather Brown,1997-08-03,Non-Binary,"Philadelphia, PA",Project Coordinator,63836.0,3.0,"tech,gadget",,,,
378,E5495,brobinson@example.org,fpXIsvKzcN,Frank Campbell MD,1994-01-10,Non-Binary,,UX Designer,66036.0,1.0,"active,fitness",,,,70.5
379,E5529,ashleewashington@example.com,5NJu9eClqX,Pamela Williams,1993-10-27,,,Financial Advisor,,,"family,wellness",,,,140.11
380,E6789,ksmith@example.com,ITcMpwgeGC,,,F,,Marketing Associate,,2.0,"travel,adventure",,Gold,,375.61
381,E1418,nicoleturner@example.com,gMnZuGTXVG,Isaac Miller,2003-12-27,M,,,94978.0,0.0,"mental_health,yoga",Disability,Platinum,62.74,329.37
382,E9592,brettgarrett@example.net,HCurm1Ks6p,Cynthia Rios,2005-12-02,,"Omaha, NE",Data Analyst,74164.0,3.0,"remote,eco",Health,Platinum,,249.27
383,E3052,smiththomas@example.org,7IpX6ARLQi,Kelly Wallace,2005-11-06,,"Hartford, CT",Software Engineer,86460.0,1.0,,,Platinum,,201.0
384,E2196,dominguezlisa@example.com,iG3H6y5Bwi,Karen Perez,,,"Omaha, NE",,,2.0,"travel,adventure",,Platinum,228.03,256.35
385,E9345,crosscurtis@example.com,fj5aLLxRPD,Edwin Reyes,,Non-Binary,,Marketing Associate,81970.0,,"travel,adventure",Dental,Bronze,228.35,123.74
386,E6150,darlenebyrd@example.org,gwskhsrFCo,Alejandra Santos,1994-06-21,F,"Philadelphia, PA",Project Coordinator,,,"active,fitness",Disability,,,121.1
387,E7987,nbell@example.net,UCHi1Ds6hT,Tamara Jensen,1990-09-09,F,"Philadelphia, PA",UX Designer,52632.0,0.0,"mental_health,yoga",,,200.27,321.97
388,E6157,fheath@example.org,57cBg7TYHu,,2000-07-08,,,Financial Advisor,59431.0,2.0,"travel,adventure",,Silver,53.95,
389,E8115,sylvia52@example.org,eFJNnTlcAS,Bradley Tran,1996-07-12,M,"Hartford, CT",Software Engineer,60197.0,3.0,"tech,gadget",Vision,,60.34,
390,E8326,kimberly04@example.org,upQBhlD9uQ,,2003-08-19,M,"Hartford, CT",Marketing Associate,,,"mental_health,yoga",,,,
391,E1895,debbie37@example.com,rFUovO0ctC,Jonathan Wheeler,2000-11-02,,"Philadelphia, PA",Financial Advisor,53468.0,0.0,"active,fitness",Health,Gold,237.05,279.23
392,E6932,hatfieldsarah@example.org,Imk1Iz3Tos,Ryan Fisher,1996-05-20,M,"Fort Wayne, IN",Data Analyst,94487.0,0.0,,,Silver,,312.47
393,E7190,kathrynbest@example.org,Pzi0V4r3fe,,2004-03-12,Non-Binary,"Philadelphia, PA",Financial Advisor,,,"family,wellness",,,,389.24
394,E7169,livingstonstacy@example.com,sBfo9AJrEs,Lori Mason,1999-12-17,,"Hartford, CT",UX Designer,,1.0,"active,fitness",,Platinum,,333.39
395,E2562,zhenderson@example.org,Jkn38FLpfj,Kimberly Hernandez,1998-08-15,Non-Binary,"Philadelphia, PA",UX Designer,,,"tech,gadget",Life,Gold,233.86,
396,E4862,collinswilliam@example.org,uDTEGJ2VUf,Brittney Murphy,1997-07-19,,,,57934.0,,"travel,adventure",,,,152.98
397,E5441,collinssamuel@example.org,HuN4xKPkjs,Brandon Hamilton,1992-08-01,Non-Binary,,,66638.0,,"tech,gadget",,,48.1,
398,E2537,dsalazar@example.com,IDvgdNDMke,Mary Thompson,2000-07-16,F,,Marketing Associate,,3.0,"family,wellness",,,,
399,E9557,zimmermanjacqueline@example.org,LPXyvKX2LM,Gregory Holmes PhD,2004-07-14,Non-Binary,,Software Engineer,50985.0,,"travel,adventure",,,,
400,E2921,gary24@example.net,pJzyXyTEwt,Patricia Johnson,1995-02-09,Non-Binary,"Fort Wayne, IN",UX Designer,73655.0,3.0,"remote,eco",Disability,,263.86,
401,E7948,enelson@example.com,nNJ468myxl,Laura Jones,,F,"Philadelphia, PA",,69174.0,0.0,"active,fitness",,,45.45,60.65
402,E8713,ddixon@example.com,MODFlEV3PW,Carol Moore,,M,"Fort Wayne, IN",Software Engineer,,,"tech,gadget",,Gold,82.43,55.84
403,E6185,shannonemily@example.org,5Tk5LU8xHa,Jordan Williams,1997-01-15,Non-Binary,,,,,,,,,213.19
404,E2410,sanchezthomas@example.com,K7Dfh6flUf,,2001-04-04,M,,UX Designer,92466.0,2.0,"tech,gadget",Dental,,,147.64
405,E7782,tranrobin@example.net,o1mr4mlsqS,Courtney Wright,1990-01-27,Non-Binary,"Chicago, IL",Project Coordinator,,,,,,218.91,340.45
406,E2486,joseph19@example.com,GXnqnDqc7h,Michael Williams,,M,"Omaha, NE",Marketing Associate,,0.0,,,,,241.37
407,E8192,lindajarvis@example.com,ZNDLKSBUzE,John Campbell,1993-08-31,Non-Binary,"Hartford, CT",Software Engineer,,3.0,"family,wellness",,Silver,269.38,
408,E3286,mark87@example.org,iQvY9dftYX,,1995-10-06,M,,Software Engineer,,1.0,,Disability,,,
409,E4481,stevenvargas@example.com,6EQy1DTpW6,,1990-11-18,M,"Omaha, NE",Project Coordinator,72826.0,0.0,"tech,gadget",,Silver,,338.13
410,E7523,adamortiz@example.org,6ePoiFmcnt,Makayla Steele,1995-08-13,M,"Omaha, NE",Project Coordinator,,,"travel,adventure",,,227.82,191.57
411,E3635,tapiaaaron@example.net,uiKGyRDaFP,Oscar Parker,1997-01-03,M,"Omaha, NE",Data Analyst,74508.0,3.0,"family,wellness",Health,Platinum,133.54,
412,E5224,alyssaallen@example.com,mG0NU3DBdD,Valerie Thomas,1990-09-22,F,"Chicago, IL",UX Designer,,0.0,,,,,306.17
413,E7491,christopher38@example.com,plfIgiUjOF,Jacqueline Villegas,1994-02-28,F,"Fort Wayne, IN",Project Coordinator,82294.0,0.0,,,,,
414,E5208,carpenterwilliam@example.net,UPV4f16B9h,Angela Bradley,2000-10-20,F,"Chicago, IL",Software Engineer,,,,,Bronze,275.63,
415,E1306,ibates@example.org,YAQirrDMYO,Samuel Howe,,Non-Binary,"Philadelphia, PA",Project Coordinator,75188.0,2.0,"travel,adventure",,,,
416,E3785,vhaynes@example.com,RyqzcQ2K9f,Dillon Jones,2000-08-03,,"Chicago, IL",UX Designer,74589.0,,,Vision,Platinum,36.32,
417,E4845,derekcarrillo@example.org,y6IiyM82hg,Christopher Owens,1992-09-27,,"Fort Wayne, IN",Project Coordinator,81049.0,1.0,,Vision,Gold,,191.39
418,E5690,wmartinez@example.org,07Ck73lzsa,John Phelps,1995-06-29,,"Philadelphia, PA",Project Coordinator,72411.0,0.0,"mental_health,yoga",Disability,Platinum,,
419,E2490,mooregina@example.net,8xbVM4YPyJ,Amanda Huff,1992-04-30,M,,Project Coordinator,,0.0,"mental_health,yoga",,Platinum,245.12,
420,E6427,eddie35@example.com,366kpDU9ea,Megan Green,2003-04-19,Non-Binary,,Marketing Associate,91922.0,0.0,,Life,,223.49,
421,E3032,anthonysullivan@example.com,gj2qW0LWYh,Krista Davis,1996-03-21,,"Fort Wayne, IN",Software Engineer,66628.0,0.0,"tech,gadget",Dental,,150.06,294.85
422,E1585,laradonald@example.org,WijHsbo4xK,Richard Walker,1994-07-13,,"Omaha, NE",Marketing Associate,55121.0,,"remote,eco",Vision,Bronze,,
423,E9332,madisonwatson@example.net,V3HzEN5kwP,,1999-03-28,F,"Hartford, CT",Financial Advisor,76719.0,0.0,"active,fitness",,,240.06,
424,E8525,johnsoncaleb@example.net,K6O6a1V20Y,Carl Stein,1993-02-13,F,"Hartford, CT",UX Designer,62791.0,0.0,"active,fitness",,Gold,79.32,
425,E8472,david70@example.org,lcMrJrfVmU,Jessica Ramsey,1989-06-05,M,,Software Engineer,83094.0,0.0,"active,fitness",,,,256.28
426,E5914,rjohnson@example.com,KaLB35hU4C,Daniel Lopez,1992-05-14,Non-Binary,"Hartford, CT",UX Designer,,1.0,"travel,adventure",,,213.02,
427,E3984,sean20@example.net,Fau5GEFkle,Danielle Phillips,2003-02-04,F,"Chicago, IL",Software Engineer,,2.0,"remote,eco",,Gold,86.78,
428,E7491,eandrade@example.org,Yk2kNQku9H,James Barnes,2002-08-28,F,,UX Designer,,2.0,"remote,eco",,Platinum,,
429,E7697,crystalpham@example.org,wPZiDXrb0T,,2002-11-06,F,"Philadelphia, PA",Marketing Associate,81698.0,1.0,"travel,adventure",,,159.51,214.46
430,E1753,kcooper@example.net,XQyS96TFpr,Devin Johnson,2001-02-22,,,UX Designer,,1.0,"active,fitness",Life,Silver,185.0,
431,E9955,anthonycochran@example.com,WQqJH0sSbi,William Moreno,1989-07-11,Non-Binary,"Omaha, NE",UX Designer,74218.0,,,,,,
432,E7493,terrigarcia@example.net,ZFZd1Hd6Gx,,1997-10-21,Non-Binary,"Omaha, NE",Marketing Associate,66872.0,0.0,"family,wellness",,Bronze,156.48,
433,E8060,gallagherstacie@example.net,0rDC44VjPv,,2002-07-13,F,"Hartford, CT",Marketing Associate,45416.0,,"mental_health,yoga",,Silver,237.3,
434,E6810,gregorywatkins@example.net,54T3KjmXjn,Suzanne Johnson,,Non-Binary,"Philadelphia, PA",Financial Advisor,,2.0,,,,278.37,59.55
435,E8203,stacey92@example.net,h18ybC3V2V,,1989-02-07,,"Hartford, CT",,56475.0,,,Life,Gold,,394.8
436,E6895,lweaver@example.com,EqGh8DbayZ,Anthony Guzman,1990-03-30,F,"Hartford, CT",Project Coordinator,,3.0,"active,fitness",Vision,,,53.25
437,E3297,foxaaron@example.net,SEWcdMZn3V,Carlos Love,1996-05-02,M,"Fort Wayne, IN",Software Engineer,,0.0,"active,fitness",,Gold,,
438,E8708,brian29@example.net,cV3j6AcIyW,Patricia Mathis,,,,,76174.0,3.0,"family,wellness",Disability,,156.76,94.87
439,E6989,susan56@example.net,9NQTgEFV12,Eric Taylor,,M,,Data Analyst,92006.0,,,,Platinum,170.38,359.25
440,E3157,jessicakim@example.net,uBxQjLV72c,Marie Thompson,2005-12-08,M,,,,,"travel,adventure",,,88.01,
441,E5576,jeffrey92@example.com,PXG7vv5lqv,Michael Anderson,1998-12-06,F,"Omaha, NE",,68948.0,0.0,,Life,Bronze,109.84,
442,E2359,rushstacy@example.com,93Glz084Gm,,,,"Omaha, NE",Software Engineer,79770.0,2.0,"tech,gadget",,,74.72,266.36
443,E3491,carriemccall@example.net,I89NB2mrd9,Keith Zuniga,1996-12-27,Non-Binary,"Hartford, CT",Software Engineer,,2.0,"tech,gadget",Disability,,,337.85
444,E4972,markmiller@example.com,zYkPAzLmp1,Mrs. Stacey Davis,1993-01-27,,,Project Coordinator,,,"remote,eco",Health,Gold,238.35,
445,E3045,sean43@example.org,IVNDje4W6U,Hayley Buchanan,1994-02-07,M,,Marketing Associate,56039.0,3.0,"mental_health,yoga",Health,,,
446,E1928,williamssamuel@example.com,Og3Xr1UUr5,Stacey Snyder,1999-05-23,Non-Binary,,Data Analyst,,,"travel,adventure",Health,Platinum,,231.64
447,E7268,ybell@example.org,cMgL1YP9gK,,,Non-Binary,"Chicago, IL",Marketing Associate,,3.0,"family,wellness",Health,Platinum,36.92,58.45
448,E2618,franciscojones@example.org,s6AZbUD25q,Fernando Lynn,2003-04-27,,"Philadelphia, PA",Project Coordinator,62247.0,,"family,wellness",Life,Silver,,265.74
449,E4728,petersonpamela@example.org,u1tg6UfOzu,Kimberly Villanueva,,,"Hartford, CT",Marketing Associate,,1.0,,Vision,Gold,,
450,E2483,morgantricia@example.com,TM64Qz2qjT,Jessica Valdez,1995-12-08,,"Omaha, NE",Data Analyst,59734.0,,"mental_health,yoga",,Silver,,129.04
451,E4538,gmoore@example.com,jasp9b2NE1,Colton Terry,2000-06-23,,"Fort Wayne, IN",Financial Advisor,82713.0,3.0,"tech,gadget",Vision,,128.42,132.15
452,E2262,donna43@example.org,9Siu30SpYI,Kenneth Larsen,1990-03-02,Non-Binary,"Chicago, IL",,67828.0,1.0,"family,wellness",Life,Platinum,47.46,
453,E1942,briansmith@example.org,5wE3TjeRwe,Matthew Greene,1994-03-11,,"Chicago, IL",Project Coordinator,53739.0,1.0,"remote,eco",,,175.7,
454,E1867,collinclark@example.net,TWwLhXeNeH,Bradley Anthony,1991-08-13,M,"Fort Wayne, IN",Data Analyst,77438.0,,"travel,adventure",Life,Platinum,,
455,E8051,kristen77@example.net,4qFflqzmow,Martin Hughes,,F,,,,,"active,fitness",,,37.47,247.18
456,E3824,nicole52@example.com,mONFlInwg3,Jeremiah Baker,1991-06-21,,"Hartford, CT",Software Engineer,,0.0,"active,fitness",Vision,,78.71,
457,E3543,anne21@example.org,N6v8D7QJ1y,Rhonda Gutierrez,1990-08-11,M,,,,0.0,"travel,adventure",,Bronze,116.55,251.28
458,E7458,angelarandall@example.net,WIPmsuiCWm,Joseph Camacho,2002-01-17,F,,Data Analyst,76726.0,2.0,"remote,eco",Health,,54.08,311.75
459,E3840,parmstrong@example.com,PuVdIbd9ty,,,Non-Binary,"Chicago, IL",Software Engineer,89638.0,,"mental_health,yoga",,,184.21,
460,E2905,shawrachel@example.net,7sa5pQ061v,Lisa Martinez,1996-09-29,F,,Software Engineer,85747.0,3.0,"tech,gadget",,,32.76,182.0
461,E4104,kthompson@example.org,0XFqMaOSzc,Beth Henderson,,,,,,2.0,"tech,gadget",,,,91.79
462,E4311,oharris@example.org,8fJ2FmiHcE,Deanna Bartlett,,,,Financial Advisor,,0.0,"family,wellness",Dental,,,
463,E3875,millerangela@example.net,wDm5Pdzyj8,Donald Ellis,,,,,61107.0,2.0,"mental_health,yoga",,,174.25,109.47
464,E7068,buchanancindy@example.net,cj5gRoayaK,,1996-09-09,M,"Philadelphia, PA",,76223.0,,"family,wellness",Dental,,,
465,E9789,buckleyanna@example.org,4xojsOUl99,Sharon Beard,1993-10-08,F,"Hartford, CT",,71894.0,1.0,"mental_health,yoga",,,142.79,
466,E6956,pbaker@example.com,vuQziUHnpn,Kara Jackson,,Non-Binary,"Chicago, IL",Marketing Associate,,,"mental_health,yoga",Disability,Gold,288.05,
467,E6532,mthomas@example.net,J4kQy7HBl8,Amanda Preston,,Non-Binary,"Omaha, NE",Project Coordinator,55214.0,,"remote,eco",Dental,,281.92,307.36
468,E2590,hannah07@example.com,Yefba633dv,Alicia Roth,1995-01-10,,"Fort Wayne, IN",UX Designer,68785.0,2.0,"travel,adventure",,Bronze,73.15,
469,E7712,larry71@example.org,kJJOESrS25,,1990-07-17,M,"Philadelphia, PA",Software Engineer,,1.0,"family,wellness",Vision,,,
470,E6566,joseph69@example.net,f4xeliNtRz,Jeremy Mcintyre,1990-06-28,,,Data Analyst,,3.0,"remote,eco",Dental,,,
471,E8355,wfigueroa@example.net,BvcrVWQDQf,Samantha Robertson,,,,,,0.0,"remote,eco",,,122.37,301.69
472,E9008,cameronmckinney@example.com,srf6C6QfZQ,Samuel Suarez,1999-05-31,M,,Software Engineer,55092.0,1.0,,Health,Gold,,269.14
473,E8549,thompsonnancy@example.org,O3vYQgNhdT,,2004-09-24,,,,48276.0,3.0,,Dental,Platinum,,286.66
474,E2003,janet45@example.com,ClGaflmqj4,Madison Martinez,1992-03-31,Non-Binary,,UX Designer,,2.0,"family,wellness",,Gold,173.25,
475,E3642,allentracy@example.com,edeFw5UdNW,Seth Matthews,1989-10-16,Non-Binary,"Philadelphia, PA",UX Designer,84682.0,0.0,"tech,gadget",,,,241.07
476,E4737,max41@example.com,LkcSwAD4Du,Anthony Nash,1997-01-16,F,"Fort Wayne, IN",Marketing Associate,46604.0,2.0,,,,,
477,E5438,mercedesholland@example.net,vmbFzkt192,Matthew Palmer,,Non-Binary,"Hartford, CT",Software Engineer,,,"remote,eco",,Silver,,221.68
478,E3598,wellsdavid@example.org,vOtRNBNhMi,Alejandra King,1995-08-26,Non-Binary,"Omaha, NE",,,,"remote,eco",Vision,Platinum,179.85,
479,E3082,jennifer46@example.com,9uYOK6oTLN,,1993-08-02,F,"Omaha, NE",Data Analyst,54722.0,0.0,"travel,adventure",,Platinum,,100.08
480,E1967,erica96@example.net,EpoOauw0NE,Jorge Bates,2005-07-29,F,"Omaha, NE",,,,"active,fitness",Dental,,131.52,
481,E4346,anna99@example.com,jsbbPPWAfx,Brian Brown,1991-04-24,F,"Chicago, IL",,62927.0,1.0,,,,264.29,
482,E7144,danielle44@example.net,JbOBPuzluN,Stephanie Evans,1988-10-09,F,,,92007.0,,,Health,,,
483,E2139,zacharyallen@example.org,FzIdHAPYzS,,1990-01-02,,,Data Analyst,,1.0,,Dental,Silver,117.2,
484,E5745,erin07@example.com,FbQTSAJecm,Jason Price,,,"Philadelphia, PA",UX Designer,,1.0,"tech,gadget",,Gold,,
485,E6358,aguilarwanda@example.org,5qzhPsCbCM,Micheal Parks,2003-01-25,,,Data Analyst,,2.0,,Disability,,,361.57
486,E4552,qknox@example.com,Gbtan1l3vn,Sarah Pittman,2004-02-23,F,"Hartford, CT",Software Engineer,76468.0,2.0,"tech,gadget",,Bronze,260.22,350.01
487,E1000,kellyruiz@example.net,tCyUK9kgdx,,1992-04-11,Non-Binary,,,47293.0,,"travel,adventure",,Bronze,,89.41
488,E8458,staceylam@example.net,34LSJrrbSK,Henry Garner,2004-05-27,,,Marketing Associate,75520.0,0.0,"active,fitness",Vision,,102.17,
489,E8339,robert55@example.com,ZaPc3K12BJ,Julie Wilson,1998-12-16,Non-Binary,,Data Analyst,74901.0,1.0,"remote,eco",,,,394.23
490,E3418,delacruzbrandy@example.net,0RW4FRIAx9,Steve Mason,2001-07-03,M,"Omaha, NE",Marketing Associate,,0.0,,Vision,Silver,184.9,327.3
491,E7493,amoreno@example.org,f0A4hGIcHg,Brittany Gay,1993-09-17,Non-Binary,"Fort Wayne, IN",UX Designer,66331.0,2.0,"travel,adventure",,Gold,215.71,129.04
492,E3551,robert97@example.org,1S5WmTa5YG,Mike Maxwell,,M,,Marketing Associate,58713.0,0.0,,,,,138.7
493,E7912,lcook@example.com,8wQzaSMtvy,Abigail Hill,1994-10-24,Non-Binary,"Chicago, IL",Project Coordinator,47065.0,,"tech,gadget",Life,,188.52,382.19
494,E1447,barbaramoore@example.org,yc9FW5fEqI,,1993-07-03,Non-Binary,"Philadelphia, PA",Project Coordinator,84558.0,0.0,"family,wellness",,,214.63,
495,E9295,ysanford@example.org,CeGlDrSKyZ,Curtis Watson,2002-08-30,F,"Chicago, IL",Marketing Associate,,2.0,,,,134.57,
496,E7172,mcclainkatherine@example.net,ctlov3RL2F,,1997-12-21,,,Financial Advisor,73711.0,,"family,wellness",Vision,,,
497,E2429,jeremywiley@example.com,q48QwEzG6p,James Chapman,,,"Fort Wayne, IN",Marketing Associate,,2.0,,,,,
498,E1982,cameronwilliams@example.com,GYahHQrLHa,Joseph Warren,1991-01-27,M,,Marketing Associate,,3.0,"tech,gadget",,Silver,69.26,217.19
499,E2189,ibarron@example.com,KkpOWA1Ox8,,1993-11-20,,"Omaha, NE",,92611.0,3.0,"mental_health,yoga",,Platinum,,
500,E2229,osmith@example.net,BMbAeJfT5X,,,F,"Hartford, CT",UX Designer,80080.0,2.0,"travel,adventure",Life,,,169.84
501,E2031,richardsondebra@example.org,qOr7r3sMGo,Martin Wise,1995-04-09,,,UX Designer,,3.0,"mental_health,yoga",Dental,,215.21,
502,E8580,wheelerbrandon@example.org,LHlhUU4sOp,,2005-09-19,,"Hartford, CT",Marketing Associate,62743.0,3.0,,,Platinum,,116.12
503,E9110,hwallace@example.net,D7JL0rGKAm,Michael Harris,1997-08-04,F,"Hartford, CT",,,,,Disability,Silver,279.95,121.71
504,E1981,turnerdorothy@example.net,ahvNUrsBpo,,2001-07-16,F,"Omaha, NE",,,,,,,229.92,
505,E2567,grivas@example.net,p2AopDNk5l,Autumn Wilson,,M,"Hartford, CT",Financial Advisor,,0.0,"travel,adventure",,Platinum,,
506,E9053,jimenezchelsea@example.com,BY4HvubFGN,Valerie Howard,1997-12-01,,"Philadelphia, PA",Project Coordinator,56035.0,,"remote,eco",Dental,,266.99,290.27
507,E2059,cphillips@example.net,CTZbyKwxyb,Daniel Fitzpatrick MD,2004-03-29,,"Omaha, NE",UX Designer,62030.0,,"family,wellness",Disability,Silver,,
508,E3601,smithchristopher@example.org,fNSJdqfH7q,Maureen Hernandez,,,,,,0.0,"family,wellness",,Platinum,,
509,E2262,chancharles@example.net,eXgr0YlIhX,David Hall,2005-01-23,,,Data Analyst,56258.0,0.0,"active,fitness",,Silver,95.32,178.52
510,E8576,joseph01@example.org,pDlThTpkOM,Sarah Ward,1989-07-03,,"Hartford, CT",Marketing Associate,70887.0,3.0,"travel,adventure",,Platinum,,
511,E1596,ronald11@example.org,neMx1thM5A,Charles Holland,1994-09-19,F,,Project Coordinator,74487.0,1.0,"remote,eco",,Silver,,
512,E4353,michael79@example.com,DiA9dp8j5O,Anna Briggs,1994-08-17,F,"Hartford, CT",,,,,,,57.35,
513,E9347,danielross@example.com,nOHxbCzvZN,James Jefferson,2001-12-11,,"Chicago, IL",Marketing Associate,73403.0,0.0,"family,wellness",Disability,Silver,132.04,203.95
514,E5376,zbanks@example.org,jjW6mfNyrz,,1988-12-26,,,Software Engineer,,,,,Platinum,89.16,107.96
515,E2871,dalepruitt@example.com,fQDZ5vNUx2,Meghan White,1993-10-15,Non-Binary,"Omaha, NE",UX Designer,88761.0,2.0,,,,,
516,E5920,nmaxwell@example.org,Z3qg0jJo2Y,,1993-07-30,M,"Chicago, IL",Marketing Associate,72478.0,,"mental_health,yoga",Health,,,
517,E7068,timothyfreeman@example.com,htpF4F79zL,,1997-08-24,,"Fort Wayne, IN",Financial Advisor,69697.0,,,,Bronze,244.27,
518,E8720,busherica@example.net,lcis1xRR60,Krystal Levine,2002-12-09,,"Omaha, NE",Data Analyst,50396.0,0.0,"mental_health,yoga",Life,,190.21,234.13
519,E5660,april91@example.com,ieDM2qkPXS,Danielle Reed,1999-02-18,,"Hartford, CT",,75976.0,2.0,,,Silver,258.72,
520,E3543,jhernandez@example.net,cfdL4hjgCi,,1989-08-24,F,,Marketing Associate,53035.0,2.0,"mental_health,yoga",,,,
521,E4056,kchristian@example.org,0FDQ9zYT3u,Erica Rivera,1995-05-02,Non-Binary,"Omaha, NE",Financial Advisor,,1.0,,,,193.06,367.56
522,E7846,brent38@example.net,cXaOxTvZNx,Robert Miller,1990-05-06,,"Fort Wayne, IN",Project Coordinator,93762.0,3.0,"family,wellness",,,224.16,238.58
523,E1729,csolis@example.org,svbALO9YeE,Jillian Wilson,1997-05-11,Non-Binary,"Omaha, NE",Software Engineer,64679.0,0.0,"tech,gadget",,Bronze,40.95,
524,E8045,bmcgee@example.org,d9eZZrI05I,Andrew Dunn,1988-05-13,Non-Binary,"Omaha, NE",,,2.0,"mental_health,yoga",Life,,,
525,E5023,connersylvia@example.net,8Ebgi7VUqk,Jordan Clark,2003-01-25,M,"Fort Wayne, IN",,,,"mental_health,yoga",Health,Bronze,244.5,
526,E8393,xclements@example.org,vhGX1XIDGh,Sarah Rivera,2001-10-11,M,"Philadelphia, PA",Marketing Associate,80737.0,0.0,"family,wellness",Health,,73.29,
527,E6757,xmoran@example.net,bv2yYWBgZG,Brent Hopkins,,M,"Hartford, CT",Project Coordinator,,3.0,"travel,adventure",,,80.78,55.99
528,E7103,petersonmaria@example.com,PvAV1au3Df,,1990-02-25,Non-Binary,,Marketing Associate,81149.0,,"active,fitness",,,,155.07
529,E3243,travisunderwood@example.net,Sq0yjrv2Ae,Ashley Carr,,F,,UX Designer,,1.0,"family,wellness",,Bronze,,93.3
530,E2291,davidphelps@example.org,odrt1WJWI6,Richard Love,2003-12-27,Non-Binary,,Financial Advisor,51582.0,0.0,,,,55.47,51.4
531,E1696,shermanbrandon@example.net,EZxzIgqkL8,Leah Barton,,,"Chicago, IL",Data Analyst,46103.0,,"tech,gadget",,Gold,227.06,
532,E8040,lellis@example.net,nNQym0Hswi,Jonathan Moreno,2001-04-01,,"Fort Wayne, IN",Data Analyst,61711.0,,"active,fitness",Dental,Silver,249.9,
533,E1658,tranryan@example.net,opVcUeRzi9,,1990-07-11,,"Philadelphia, PA",Data Analyst,,,"tech,gadget",,,,282.09
534,E3390,jessicaanderson@example.com,nywm3Q28Qp,Lisa Morris,1994-02-21,,,Data Analyst,,,,,,,
535,E4675,mbarnes@example.net,CmS3r1E9yr,,1992-12-11,,"Fort Wayne, IN",,81159.0,,"tech,gadget",Vision,Gold,,
536,E2755,shawn22@example.com,p5sqZpW9Q7,Stacey Hunt,2001-10-05,Non-Binary,"Hartford, CT",,,3.0,"active,fitness",,Gold,144.71,
537,E7585,jennifer83@example.org,Q19MKKwgyE,Miguel Parks,1993-06-29,F,"Fort Wayne, IN",,,,,,Platinum,,396.42
538,E3223,tinasantos@example.org,oVnnxgcqa6,Melissa Morris,1990-09-12,Non-Binary,"Hartford, CT",Data Analyst,60512.0,0.0,"family,wellness",,Gold,207.47,52.22
539,E4544,hodgesanna@example.net,YA4vgfGLo7,Mary Butler,1988-01-01,F,"Hartford, CT",,51390.0,0.0,,,Bronze,,
540,E8364,natalie60@example.net,oNichU6Unx,James Brown,2005-01-25,Non-Binary,"Philadelphia, PA",Software Engineer,,0.0,"tech,gadget",,,,130.24
541,E5360,gonzalezkaren@example.org,THTJ4RH857,Miss Brianna Brown,2001-02-18,,"Chicago, IL",,74429.0,,"remote,eco",,,174.57,
542,E3077,james80@example.com,5doVSI82hJ,Ashley Parrish,2002-07-27,Non-Binary,"Philadelphia, PA",Financial Advisor,,0.0,"family,wellness",,,,
543,E3921,juliahoffman@example.org,cBF21niZYo,Rebecca Horton,1990-01-02,Non-Binary,"Hartford, CT",,,1.0,,Health,Bronze,,107.72
544,E2328,housepaul@example.net,fSmE8ZgCY5,Juan Smith,,Non-Binary,,Software Engineer,,0.0,"family,wellness",,Bronze,69.94,
545,E9556,james73@example.net,6Xejl0WsGN,Maria Fischer,1995-01-17,M,,,,1.0,"tech,gadget",Vision,Gold,139.4,
546,E5414,kimberlybrandt@example.com,GouxQdxt0k,William Jones,1996-06-01,Non-Binary,,,84459.0,3.0,"active,fitness",,,246.54,
547,E9660,jillwilson@example.org,h4J6HVaqOU,Justin Anderson,,F,"Fort Wayne, IN",Marketing Associate,57300.0,0.0,,,Platinum,,250.0
548,E6038,adam72@example.org,Atkbp4AWTi,Frank Williams,2004-04-07,,"Omaha, NE",,47672.0,2.0,"tech,gadget",Vision,Gold,,
549,E7046,tracy98@example.com,vIRlsm936U,,1989-11-24,F,"Omaha, NE",Financial Advisor,79757.0,0.0,,Dental,Silver,104.37,96.99
550,E2008,abigailhartman@example.org,RSvcsROd2s,,,,,UX Designer,,1.0,,,Platinum,242.59,
551,E2497,nicolealvarado@example.com,ORmFnizPuo,,1997-02-13,,"Philadelphia, PA",Financial Advisor,77549.0,2.0,"active,fitness",Disability,,79.9,
552,E2748,wbarajas@example.net,vXAhJi1MH7,,2003-06-10,F,,UX Designer,,3.0,"family,wellness",,,,
553,E9617,susanfleming@example.com,OXKsgIsooz,Robert Wilson,1995-09-10,,,,59128.0,,,,,39.85,
554,E9783,amber40@example.net,A8Vc1xObXY,Jaime Lang,1999-01-16,F,"Philadelphia, PA",,53440.0,0.0,"mental_health,yoga",Health,,137.41,336.36
555,E7328,stucker@example.net,jRDeu8Vng8,,1992-11-25,F,"Hartford, CT",Software Engineer,52128.0,3.0,"family,wellness",Dental,,,156.4
556,E9647,teresaayala@example.net,CXmvtpE3Q6,Austin Santiago,,,"Omaha, NE",,,0.0,"active,fitness",Disability,Bronze,,55.52
557,E5181,michellecoleman@example.org,LZkzWMTKN8,Ronald Johns,2005-03-12,F,"Omaha, NE",Project Coordinator,84341.0,,,Disability,Platinum,,
558,E9199,elucas@example.net,4tKNY2m9l4,,1992-02-24,,"Fort Wayne, IN",Marketing Associate,81690.0,0.0,,,Platinum,,362.06
559,E3849,millerbrian@example.com,VntJ8UoHMo,Laura Perez,2002-11-10,F,,Financial Advisor,63658.0,2.0,,Dental,,178.3,101.53
560,E6877,rickey76@example.com,IRjBQrfYJy,James Wilson,1995-09-24,M,,Marketing Associate,51439.0,1.0,"family,wellness",Vision,,,
561,E6091,maychristine@example.net,2GrO5c2b19,,,M,"Chicago, IL",Marketing Associate,,,"travel,adventure",,Silver,120.41,
562,E2084,robertsgina@example.net,yHdNPrfsOM,,2004-07-18,F,"Fort Wayne, IN",,83172.0,3.0,"active,fitness",Dental,,,
563,E8356,bshort@example.com,4iUzW3AQiM,,1988-06-08,M,"Hartford, CT",Marketing Associate,48125.0,0.0,,Disability,,,131.24
564,E6147,susan24@example.net,wT7kmw69zg,Traci Camacho,1989-10-10,M,"Fort Wayne, IN",Data Analyst,,1.0,"mental_health,yoga",,Platinum,,
565,E9932,susan08@example.net,stqLdU9k3L,Andrew Armstrong,1991-02-27,F,"Philadelphia, PA",UX Designer,60499.0,2.0,"travel,adventure",Health,Platinum,164.91,
566,E3645,fmedina@example.com,Of4F50LI0l,,1992-05-03,,"Chicago, IL",Marketing Associate,90008.0,1.0,"mental_health,yoga",,Bronze,77.85,
567,E4750,robertbrewer@example.net,KWC9VbFYSL,Clinton Jensen,2002-04-12,Non-Binary,"Philadelphia, PA",,,3.0,"mental_health,yoga",,,68.78,
568,E6722,james29@example.org,uRkfzR3Qxa,Tara Gamble,2000-02-03,M,"Hartford, CT",,87683.0,,,,Platinum,287.82,236.99
569,E4853,enewman@example.com,BNMIsYI3b8,,1988-11-05,M,"Fort Wayne, IN",Financial Advisor,92132.0,2.0,"remote,eco",Vision,Gold,194.63,
570,E6681,wlynn@example.org,COIGD9ZW6c,Cynthia Mitchell,,,"Chicago, IL",Marketing Associate,80341.0,,"family,wellness",Life,Bronze,,
571,E9879,mcculloughlouis@example.com,j2NK6BGFT2,,1990-11-26,,"Philadelphia, PA",Financial Advisor,,1.0,"mental_health,yoga",Vision,Gold,135.34,
572,E1627,arianadiaz@example.com,bRhkr5IlXV,Caroline Edwards,1996-05-26,M,"Hartford, CT",,68135.0,,"mental_health,yoga",Dental,Gold,,379.21
573,E2689,jenniferdavidson@example.com,vzkqfRR6ul,Brandy Quinn,1995-07-30,,"Omaha, NE",,,1.0,"family,wellness",,Bronze,,
574,E5306,wford@example.com,9y82JubNuW,Mr. Matthew Miller,2003-04-03,,"Fort Wayne, IN",,89264.0,0.0,"active,fitness",,,,132.61
575,E2409,michele28@example.org,1xnztfusDg,Stephen Jones,,M,"Omaha, NE",Software Engineer,76185.0,,"travel,adventure",,Gold,70.42,
576,E2427,mcclainmelissa@example.net,cXwlDyNH8h,Kevin Sullivan,1999-09-30,M,"Fort Wayne, IN",Data Analyst,,2.0,"mental_health,yoga",Disability,,288.0,
577,E8369,rebeccaarnold@example.net,ICrt3kiFTv,Kimberly Valdez,2004-08-12,F,"Omaha, NE",Marketing Associate,65796.0,,"mental_health,yoga",Disability,Bronze,,97.64
578,E1645,michaelwalker@example.net,cjZtxOoLP4,,,M,,Data Analyst,,1.0,"travel,adventure",Dental,,259.8,184.07
579,E9038,sanderswayne@example.net,jF92S7oBC5,Victor Holden,1997-11-22,F,"Fort Wayne, IN",Software Engineer,78771.0,1.0,,Health,Silver,,96.8
580,E3069,katherinetaylor@example.org,mMj41PaOtN,,1996-06-16,M,,,81224.0,0.0,"travel,adventure",Health,Silver,,162.3
581,E6950,jillwebb@example.com,JOrEiyj3K8,,1991-03-12,Non-Binary,"Hartford, CT",Project Coordinator,,0.0,"mental_health,yoga",Health,,,325.52
582,E4049,mike03@example.net,917bulljK9,Heather Harrison,,F,"Philadelphia, PA",UX Designer,,,,,Gold,96.02,
583,E6047,ckeith@example.net,rAhFUPDVV4,Michael Boyd,1991-08-16,,"Philadelphia, PA",UX Designer,82854.0,3.0,,Life,,,
584,E8676,mary49@example.net,WH6FUhnFT5,Jamie Gray,1991-02-06,Non-Binary,,,89251.0,,"remote,eco",Health,,42.01,221.13
585,E8628,blacknicholas@example.org,HGG3KCwRnS,Heather Parrish,2003-10-23,Non-Binary,,Financial Advisor,48989.0,,"remote,eco",Dental,Bronze,260.9,
586,E3670,msparks@example.org,9n3UK573fb,Brenda Martin,2002-06-02,Non-Binary,"Omaha, NE",Data Analyst,,,"mental_health,yoga",,,,
587,E7517,robertsonjuan@example.org,dOjUjhnkh3,Jack Love,2003-09-16,F,,Financial Advisor,,0.0,,,,225.21,373.94
588,E5074,guerrerorobert@example.com,m7NVUncsKm,Karen Mendoza,,M,"Hartford, CT",Project Coordinator,,,,Disability,Silver,262.16,
589,E5697,brittanyholland@example.com,yib10LmS2x,Andrew Berry,1995-11-06,M,"Philadelphia, PA",Software Engineer,82281.0,1.0,"family,wellness",Health,Silver,,
590,E6351,dennishunt@example.net,IxytW7in2b,Christopher Nielsen,1989-09-05,,"Hartford, CT",,,1.0,,Disability,Platinum,,
591,E4738,kgreene@example.net,ii3sHP85gv,Nathan Stanley,1991-07-23,Non-Binary,,Project Coordinator,,,"remote,eco",Life,,,
592,E6702,stacey37@example.net,xsB1l8pqE1,,1993-08-19,,,Data Analyst,,,"tech,gadget",,,,106.66
593,E9919,laurahoover@example.org,aHgZUQxCgj,Kayla Jackson,,F,,,,0.0,"mental_health,yoga",Health,,,155.08
594,E3866,sandra99@example.org,hTmbbKBlwI,James Rodriguez,2003-03-03,F,,,,1.0,"mental_health,yoga",Dental,Platinum,256.35,
595,E6787,alexandrablankenship@example.net,LeHp1iS2Eb,,1993-12-19,,"Omaha, NE",Data Analyst,,3.0,"active,fitness",,Gold,176.85,73.78
596,E5416,mvalenzuela@example.org,KaupQTeuYl,,2001-09-10,M,"Omaha, NE",Financial Advisor,70886.0,3.0,,Life,Bronze,133.2,
597,E7258,olsondavid@example.net,9gjnFs8dFE,April Pace,,M,,Project Coordinator,78776.0,2.0,"active,fitness",Life,Bronze,,200.78
598,E3286,xboyd@example.org,bnDdGD05I2,,1989-12-30,M,"Philadelphia, PA",Project Coordinator,51231.0,,"tech,gadget",Disability,Platinum,,
599,E9806,yclarke@example.com,GOL9s7QGb0,Natalie Juarez,1989-08-01,F,"Omaha, NE",Software Engineer,74575.0,2.0,"tech,gadget",Disability,,,
600,E1767,colemanjonathan@example.org,AEuEQf11l1,,,Non-Binary,"Philadelphia, PA",Financial Advisor,89193.0,2.0,"family,wellness",Disability,,233.08,399.67
601,E8817,ascott@example.net,QOdrcLwoTh,Adrienne Mills,,Non-Binary,"Omaha, NE",Marketing Associate,,,"tech,gadget",,,,329.25
602,E7523,brooksjamie@example.com,lsOc4M7ASO,Brian Simmons,2001-09-04,,"Omaha, NE",,74691.0,,,,,282.02,135.11
603,E5509,jose86@example.net,IIiaG9K9YX,,1999-12-28,Non-Binary,,,,1.0,"family,wellness",,Bronze,,125.06
604,E5067,robertbowers@example.com,wQWMO0k03n,Justin Webb,,F,"Philadelphia, PA",,,0.0,,,Gold,,
605,E1517,becky62@example.net,3mSsrbYKAz,David Logan,1998-07-17,F,"Philadelphia, PA",Software Engineer,83964.0,0.0,,,,,230.94
606,E4710,craigromero@example.com,1uNl6zOy8q,Lisa Cohen,2001-10-29,Non-Binary,"Fort Wayne, IN",Financial Advisor,85536.0,2.0,"travel,adventure",,Gold,,
607,E3958,martintamara@example.org,d2RXExpS7y,Samantha Ruiz,1988-12-30,M,"Hartford, CT",,84059.0,,,,,,
608,E5933,qdavis@example.org,ZitHLqlds6,Lee Ramsey,1996-05-30,F,"Chicago, IL",Marketing Associate,,,"active,fitness",,,149.64,
609,E6054,hmendez@example.com,Xu9omYGZMb,Linda Bautista,1993-06-09,,"Hartford, CT",Software Engineer,57079.0,2.0,,Vision,,44.5,
610,E4059,daniellegonzales@example.org,hljsl9WZCB,Tara Holmes,1998-09-23,F,"Fort Wayne, IN",,,,,Disability,Gold,,70.99
611,E9795,arthurgreene@example.net,agELHzETFJ,,,Non-Binary,"Omaha, NE",Data Analyst,62904.0,3.0,"mental_health,yoga",,Bronze,44.44,130.08
612,E8843,john02@example.org,voBwSLUy3W,Penny Gomez MD,1998-05-06,,"Omaha, NE",Software Engineer,53087.0,1.0,"remote,eco",,,,213.53
613,E4224,aprilmclaughlin@example.org,24ehi8mj7T,Krista Barber,1994-05-27,Non-Binary,"Hartford, CT",Financial Advisor,50561.0,3.0,"mental_health,yoga",,,254.8,289.78
614,E8778,michael43@example.net,wTaPIdZ2eM,Jordan Powell,1993-07-15,F,,Financial Advisor,,,"mental_health,yoga",Dental,,278.62,
615,E2132,greenrichard@example.org,T3zCEGsG5e,Kathy Morgan,1995-09-30,,,,,2.0,"travel,adventure",,,215.28,330.16
616,E4947,prattsue@example.net,PMhjID9GGQ,Laura Benson,2000-02-01,Non-Binary,"Hartford, CT",Financial Advisor,55158.0,0.0,"remote,eco",Dental,,,
617,E2467,xhart@example.org,3UMIV9yTql,Tonya Ellis,1992-07-26,,,,,0.0,"tech,gadget",,Silver,182.98,230.98
618,E1808,bmosley@example.com,TKJ7nkjhc0,,,,"Chicago, IL",Marketing Associate,47969.0,3.0,,Health,,,
619,E5740,ericahall@example.com,7uPpP8fLGW,,1998-10-28,Non-Binary,"Fort Wayne, IN",Marketing Associate,,,"mental_health,yoga",,Platinum,30.95,
620,E7212,john16@example.net,C1evb5ScBB,Gloria Spencer,2002-12-28,,"Philadelphia, PA",Marketing Associate,64601.0,0.0,"mental_health,yoga",Health,,195.81,257.02
621,E8691,thomasgomez@example.net,cHNaxXJWmB,Travis Vega,1992-07-15,M,"Chicago, IL",,84775.0,0.0,"family,wellness",Disability,,298.65,219.85
622,E6965,victorgonzalez@example.net,bxZLBlxD2e,Derek Perez,,,"Philadelphia, PA",Software Engineer,90976.0,2.0,"tech,gadget",Disability,,,349.17
623,E7038,marykelly@example.org,7i8eYDxvGu,Blake Sosa,1990-08-22,,"Philadelphia, PA",Software Engineer,70237.0,,"tech,gadget",,Bronze,189.9,
624,E3308,waustin@example.net,M8EvGLeCdZ,Sarah Watson,1993-12-05,,,Financial Advisor,,0.0,,,,30.02,
625,E7542,travis94@example.com,o7T5vAr8dD,,1991-01-19,F,,Financial Advisor,92259.0,,"active,fitness",,Gold,,
626,E9884,kwalker@example.org,77YXxaEedY,Robert Mendoza,2000-08-12,,"Chicago, IL",Data Analyst,75397.0,0.0,,,Bronze,91.4,
627,E3230,shawphillip@example.net,mccDeZBLuR,,1998-11-07,Non-Binary,"Philadelphia, PA",Financial Advisor,81816.0,,,Disability,Platinum,184.73,
628,E5212,astewart@example.org,r9EXhA1Uf9,Jamie Garcia,2004-03-03,M,"Fort Wayne, IN",,92536.0,,,Disability,,,153.87
629,E6897,chloe42@example.net,CqHW40pv36,,,F,,Marketing Associate,83553.0,2.0,"family,wellness",,,91.52,329.23
630,E5881,michael76@example.org,z6iIdvvdC0,Paul Diaz,1994-03-16,F,"Chicago, IL",Data Analyst,,1.0,"active,fitness",Disability,,163.21,305.72
631,E2666,lramirez@example.net,4og8fgDXG8,Kenneth Perez,2001-06-24,,"Omaha, NE",Marketing Associate,48537.0,,"active,fitness",,,,379.17
632,E1010,lelinda@example.net,5fQilC5uYY,James Thomas,1996-01-06,,"Hartford, CT",Project Coordinator,,,"tech,gadget",Vision,,,
633,E9066,thomassmith@example.com,gWCTm2iDMJ,,1995-12-08,Non-Binary,"Philadelphia, PA",Project Coordinator,,,"tech,gadget",Vision,,,
634,E1514,jevans@example.net,4nBcGNSWse,,1994-09-22,M,"Omaha, NE",Financial Advisor,,1.0,"tech,gadget",,,46.02,249.29
635,E1314,lisawoods@example.net,zKB8660Jde,Patrick Green,2004-01-31,,"Fort Wayne, IN",Financial Advisor,,1.0,"family,wellness",Vision,Gold,,210.47
636,E3575,ann45@example.org,vuankOw1ae,Gregory Frazier,1996-07-05,M,,Marketing Associate,57043.0,1.0,"family,wellness",,,,
637,E1652,barbarasantos@example.net,P55A1Rcwpa,Richard Kelly,2000-02-18,F,,,70728.0,1.0,,Vision,,266.64,326.48
638,E6296,champton@example.org,2K3lfkLVLX,Dustin Welch,1991-10-04,M,"Fort Wayne, IN",Software Engineer,,2.0,,Life,Bronze,64.04,90.09
639,E3655,mirandadavidson@example.com,oTWJalmBS9,,2002-07-06,Non-Binary,"Philadelphia, PA",Financial Advisor,79226.0,3.0,"tech,gadget",,Bronze,,
640,E6127,millermatthew@example.com,KVDSEkTSgy,Eddie Adams,1988-12-30,F,"Hartford, CT",Project Coordinator,,3.0,"mental_health,yoga",,Silver,104.55,
641,E2572,cnelson@example.com,GikUWEkadl,Kelly Cole,2001-10-17,M,,,,3.0,,Dental,,292.96,252.05
642,E1167,ivanjohnson@example.net,RiVOVaicOn,David Manning,1994-03-19,,,Marketing Associate,53335.0,,,Dental,,,118.96
643,E1941,clarkrandy@example.org,wTYMo71CDD,Shawn Kelley,,,"Philadelphia, PA",,,0.0,"travel,adventure",Health,Silver,,
644,E5062,wisealexandria@example.org,19VI0reNyz,,,M,"Hartford, CT",,71598.0,2.0,"travel,adventure",,,219.12,79.44
645,E7450,pparker@example.net,xxdtLsXWYq,Mark Anderson,1988-10-23,F,"Fort Wayne, IN",Financial Advisor,,3.0,"remote,eco",,,,
646,E5841,anthonyalvarado@example.com,9jqnYAQi61,Julie Pitts,2002-09-06,,,Financial Advisor,86696.0,0.0,"travel,adventure",Disability,Bronze,,
647,E2386,amy28@example.org,QMKRyqomJv,Joyce Curry,1991-01-02,F,"Fort Wayne, IN",,,,"mental_health,yoga",Health,,,
648,E1458,omills@example.net,xUrx3DXUy6,Gregory Fernandez,2003-02-21,F,"Hartford, CT",Project Coordinator,62580.0,2.0,"remote,eco",,Platinum,,304.85
649,E7263,ramosmichael@example.com,9ZeBn5rifl,Adam Mills,,Non-Binary,"Chicago, IL",Financial Advisor,65076.0,,"travel,adventure",Vision,Gold,137.21,113.6
650,E4924,mauriceharrison@example.org,aD3ripxXTL,Katherine Campos,,M,,Project Coordinator,87641.0,,"mental_health,yoga",,Gold,87.64,
651,E8502,albert64@example.net,og96R5bbIP,Adam Brooks,1990-09-26,Non-Binary,,,92834.0,0.0,,,Gold,77.58,
652,E5375,bkhan@example.com,2RP4RFdhFm,Miguel Brewer,1991-09-02,,"Chicago, IL",UX Designer,,3.0,"mental_health,yoga",Life,,,368.86
653,E1764,fwalker@example.com,7WOSw0j0C7,Kellie Marsh,1988-07-20,F,"Chicago, IL",,54960.0,1.0,"active,fitness",,,,388.68
654,E3022,justin84@example.com,X6nWzHZOSf,Barry Taylor,1991-09-09,,"Hartford, CT",UX Designer,78954.0,1.0,"active,fitness",Dental,Platinum,122.87,
655,E4493,walshchristine@example.com,6pjkjOSX0C,,,Non-Binary,,UX Designer,90297.0,1.0,,,Gold,,67.13
656,E1746,brandonnichols@example.org,GlyMFY9hWG,Diane Martinez,1992-06-25,,,Data Analyst,,1.0,"travel,adventure",Life,Gold,,
657,E5303,oacosta@example.org,ijn9nSjj8k,Johnny Peterson,,M,,Software Engineer,88932.0,1.0,"tech,gadget",,,131.8,266.28
658,E4458,kristi75@example.com,xPd5yp15OY,Amanda Miller,,,,Project Coordinator,,,"tech,gadget",Disability,Bronze,,
659,E7313,brianrowe@example.org,lzQdGYsQzo,Catherine Huang,2004-02-25,F,"Omaha, NE",,,0.0,"tech,gadget",,,182.88,
660,E1277,lisa01@example.net,K7QfKUyLnL,Ray Ramos,2000-04-09,,"Philadelphia, PA",Data Analyst,73481.0,,"tech,gadget",Dental,,,135.28
661,E7611,gonzalezjill@example.org,DIKPDzcK9H,Vickie Kennedy,,F,,Financial Advisor,,3.0,"active,fitness",Vision,Platinum,,
662,E6058,sharon20@example.net,mhMfOXyvtm,,1999-06-30,Non-Binary,,,52933.0,2.0,"remote,eco",,Gold,153.15,217.98
663,E1019,james03@example.org,iA9JDzttIQ,Jeffrey Smith,1999-02-18,Non-Binary,"Hartford, CT",Data Analyst,,2.0,,,,,119.71
664,E7326,brenda63@example.org,rKBNl9DCfh,Lauren Vazquez,2000-09-06,M,,,69311.0,,,,Platinum,,
665,E5751,nathandavis@example.org,6HN2J1KWvN,Mr. George Booker DDS,1994-04-26,,"Omaha, NE",UX Designer,65145.0,0.0,"remote,eco",Life,Silver,95.46,
666,E8387,browndeanna@example.net,soK4r4AqbH,Ashley Freeman,2002-09-29,,"Philadelphia, PA",Financial Advisor,84678.0,1.0,"tech,gadget",Disability,,72.58,399.2
667,E8299,tina57@example.net,idSlh3EWcE,Michael Howard,1999-08-19,F,"Hartford, CT",Marketing Associate,53644.0,,,Vision,,47.3,
668,E1448,johnwilliams@example.net,j5V3wgiXhn,Edward Terry,1998-05-08,F,"Chicago, IL",,,3.0,"family,wellness",Health,Silver,,
669,E6361,ashleystephens@example.com,zyofeo7IJx,,1992-08-03,,,Project Coordinator,47194.0,1.0,,,,,252.81
670,E7492,caseymoore@example.com,Y0I1bcJY58,Kimberly Gibson,2003-12-10,M,"Omaha, NE",Financial Advisor,55026.0,0.0,"travel,adventure",,,,
671,E9791,bgross@example.net,YY1x8dkk0J,Patty Allen,1994-04-15,,"Omaha, NE",,53747.0,1.0,,,Platinum,,
672,E4232,barrettamber@example.com,qADCeUShQ5,Michael Cannon,1998-03-26,M,,Marketing Associate,67765.0,,,Vision,,,130.79
673,E5232,chloemorris@example.net,0FkpbnrT68,Brent Hopkins,,F,"Chicago, IL",,,1.0,,,Platinum,99.91,211.9
674,E2664,conleydavid@example.org,16EPOSFu0q,John Garcia,2001-12-15,Non-Binary,"Fort Wayne, IN",Data Analyst,86931.0,,"tech,gadget",,,,384.52
675,E6623,hbarrett@example.net,yzWIsTq6GU,Dawn Diaz,1993-07-19,,"Chicago, IL",Data Analyst,,0.0,"active,fitness",,Gold,179.26,
676,E2211,smithsamantha@example.net,D2d30FsScZ,Steve Miller PhD,1993-01-21,,"Chicago, IL",Project Coordinator,,0.0,,Life,,,57.51
677,E3451,wardjulia@example.com,jhylyRuRZq,Rebecca Brown,2002-06-28,M,"Philadelphia, PA",,,3.0,"active,fitness",,,155.45,
678,E7185,allison14@example.org,XGRweNX3um,Toni Davis,1998-01-19,Non-Binary,"Fort Wayne, IN",Project Coordinator,55483.0,2.0,,,,,196.43
679,E6722,amandalopez@example.net,IfjZMibPxK,Laura Meza,,,"Omaha, NE",,54937.0,2.0,"tech,gadget",,Platinum,249.34,110.33
680,E5860,xreese@example.net,QW9lcByevQ,Megan Park,,Non-Binary,,,87906.0,,"family,wellness",Dental,,,103.14
681,E3832,kandrade@example.org,YexVsGQ64h,Kathy Sandoval,,F,"Chicago, IL",Marketing Associate,,0.0,"remote,eco",,Gold,256.04,
682,E9232,umahoney@example.net,67FCOHEp1u,Erika Watson PhD,2005-05-27,F,"Omaha, NE",Marketing Associate,,3.0,,,Silver,,
683,E6007,umckenzie@example.net,SecskNqInY,Joshua Brooks,1994-04-24,Non-Binary,"Chicago, IL",Project Coordinator,50901.0,,"travel,adventure",Disability,Gold,172.25,
684,E1326,michael77@example.com,do4BBAbVSV,,,F,"Fort Wayne, IN",Software Engineer,57356.0,0.0,"active,fitness",,Silver,,291.19
685,E3800,holmesvictoria@example.com,QXKXNddCzI,William Lewis,1991-09-05,F,,Financial Advisor,58553.0,3.0,,,Bronze,201.45,387.22
686,E7594,andrew48@example.net,lzDgpBJt9X,,,Non-Binary,,Software Engineer,,1.0,"mental_health,yoga",Disability,Bronze,117.85,307.7
687,E7652,stevenseric@example.com,85EFygPcBW,Kevin Hall,1996-04-20,,"Chicago, IL",Project Coordinator,61211.0,1.0,"travel,adventure",,,190.22,
688,E5897,christopher69@example.org,wQFlVRbT0U,,1996-10-06,Non-Binary,"Hartford, CT",Software Engineer,68193.0,,,Disability,,,202.3
689,E8280,tracynolan@example.net,Vt4iL3MbCr,Susan Larson,1991-03-15,F,,Marketing Associate,70975.0,0.0,"family,wellness",,Gold,,146.53
690,E4170,benjamin96@example.org,ZMZG2thADp,Tammy Cook,1998-04-12,Non-Binary,"Hartford, CT",Financial Advisor,52000.0,2.0,,,Silver,,53.47
691,E2937,hbutler@example.org,14ckzi9Dcz,Sarah Mcfarland,2000-05-26,,,Financial Advisor,68499.0,,"family,wellness",Dental,,112.38,242.87
692,E8761,hbrown@example.org,q12VgJwA3p,,1998-01-10,,,UX Designer,94792.0,0.0,"family,wellness",,,,247.87
693,E9869,ericnunez@example.com,Q25sBCKdGW,Nicole Johnston,2004-03-03,,,Project Coordinator,,1.0,,,,,
694,E8929,walkerkeith@example.com,rQv9BJ57z0,George Alvarez,1991-09-12,M,,UX Designer,73586.0,1.0,"travel,adventure",Dental,,,376.15
695,E5831,kelleyjose@example.com,CYbqFtE5yt,Patricia Anderson,2003-05-11,F,"Chicago, IL",,60188.0,,"active,fitness",,,74.88,
696,E5081,timothygonzalez@example.com,ziQl8f73e7,Christina Gilbert,,,"Hartford, CT",Marketing Associate,80131.0,1.0,"family,wellness",Vision,,,
697,E6122,johnadams@example.com,gzhGuFxNfC,,1995-07-15,Non-Binary,"Philadelphia, PA",,74375.0,2.0,"remote,eco",Vision,,172.81,
698,E8557,whenderson@example.org,hwLtSZKDmq,Kirk Johnson,,,"Chicago, IL",,,0.0,"active,fitness",Dental,,,
699,E2119,gary59@example.com,wYlEIEmas0,Jessica Glass,1992-02-15,M,"Philadelphia, PA",UX Designer,,2.0,"travel,adventure",,,,
700,E2435,jamesbrooks@example.net,VECVy7kLZz,Ashley Brown,1989-06-18,,,Financial Advisor,69646.0,,,Disability,Bronze,60.28,
701,E1277,mistywilkins@example.org,I5o17RTvkg,Robert Torres,2000-02-13,Non-Binary,,UX Designer,93242.0,2.0,"tech,gadget",Life,,,
702,E6710,njohnson@example.net,WHi8HVh1Ld,,1989-08-08,Non-Binary,"Chicago, IL",Project Coordinator,49848.0,2.0,"mental_health,yoga",Life,,118.6,154.74
703,E6385,ana92@example.net,ZgYrY7nBFW,Alicia Aguilar,1999-09-25,,"Fort Wayne, IN",,79613.0,3.0,"active,fitness",,Platinum,51.54,
704,E1371,scottbrian@example.org,VYNQ6391UK,Lisa Brown,1991-09-29,F,"Philadelphia, PA",Software Engineer,72867.0,,,Vision,Bronze,155.46,319.08
705,E4197,jonesdonna@example.net,iRzbVVhhKp,Mary Lin,,,"Chicago, IL",,,1.0,"active,fitness",,Bronze,,164.71
706,E5904,carternicole@example.com,nTDnze5v7S,James Bray,1999-11-28,F,"Fort Wayne, IN",,67851.0,3.0,"mental_health,yoga",,Bronze,177.03,391.8
707,E8048,mckeetodd@example.net,fxO9sCQpfP,Charlotte Mason,1996-08-26,M,,UX Designer,,,"tech,gadget",Dental,,,105.44
708,E7196,tcastro@example.org,Aav6pslHfy,Thomas Torres,,Non-Binary,,Data Analyst,90650.0,2.0,"mental_health,yoga",,,,116.12
709,E1020,klong@example.org,iFnaqjFAnB,,1999-06-02,F,"Omaha, NE",Financial Advisor,60067.0,1.0,"family,wellness",,,234.17,351.09
710,E1058,wendyirwin@example.com,KllGIW2r8N,Lori Johns,2005-03-01,F,,,66538.0,,,Vision,Bronze,144.7,
711,E2731,raymondstacy@example.org,Wy110rXUX1,,1994-11-04,Non-Binary,"Chicago, IL",Financial Advisor,80938.0,2.0,"mental_health,yoga",,,,301.11
712,E2846,blairabigail@example.net,88wmG0O3Ab,,1990-11-12,,"Fort Wayne, IN",,56166.0,1.0,,,,,69.81
713,E5458,ashleysimmons@example.com,gKnkrxXp1J,Erin Daniels,1989-05-02,Non-Binary,"Philadelphia, PA",,63156.0,,"tech,gadget",,Platinum,263.7,
714,E2280,denisecarpenter@example.net,F1tYjlsaq1,Shari Parker,2002-06-25,M,"Philadelphia, PA",,,,,,,,375.49
715,E1520,russellstout@example.org,MvXYpz5ZAU,,2000-10-23,F,,UX Designer,,,,Disability,Bronze,,116.33
716,E8396,grantstacy@example.org,kkfgnI0yKc,Ryan Thomas,1998-08-07,Non-Binary,,Data Analyst,,2.0,"active,fitness",Health,,,
717,E3370,cannonnicole@example.com,0oWts2Y75i,,,,,Financial Advisor,,0.0,"remote,eco",Life,Platinum,,
718,E6785,edwin31@example.org,ugo7iEAfPD,Phillip Salazar,1994-09-24,M,,UX Designer,68533.0,,,Health,,281.14,
719,E8042,catherine93@example.net,I4zWSsUMZI,Michael Howard,1993-09-22,F,"Chicago, IL",,69862.0,0.0,"remote,eco",,,207.48,
720,E1532,manderson@example.com,FsN2KifBtc,,2000-10-23,Non-Binary,"Fort Wayne, IN",Project Coordinator,57935.0,,"remote,eco",,Bronze,61.66,
721,E8072,kwells@example.org,ljT2akekmV,Jason Novak,2003-05-24,M,"Omaha, NE",Data Analyst,,,"family,wellness",Dental,,190.31,51.18
722,E2474,stephanie33@example.org,hqhzZabL92,Timothy Duke,1996-08-15,Non-Binary,,,74933.0,3.0,,Health,,297.03,379.98
723,E9972,dwatts@example.org,BEqypcdb6M,Ricardo Franklin,2001-03-22,,,Data Analyst,61011.0,0.0,"family,wellness",,Gold,,250.67
724,E3458,zcortez@example.net,bmOqZ2Qaex,,,F,"Hartford, CT",Financial Advisor,,2.0,"travel,adventure",,,,98.75
725,E2500,meyershannon@example.org,SGj6iPoGCM,Danielle Medina,1994-06-25,M,,Financial Advisor,49589.0,2.0,,Vision,,73.14,
726,E1137,grantzachary@example.net,sfkNgXJ8iJ,Cheryl Gonzales,1990-05-28,Non-Binary,"Philadelphia, PA",Project Coordinator,67672.0,2.0,,,,,
727,E4969,kim47@example.org,HjDfbfU4V6,,1990-11-07,Non-Binary,,Data Analyst,62333.0,,"tech,gadget",,,225.86,
728,E3364,stevenlucas@example.org,CAo2Oty09b,,1989-12-22,M,"Fort Wayne, IN",UX Designer,,2.0,,Life,Silver,234.35,
729,E4002,phillipmorris@example.org,zCaGz2ATZy,Kevin Marquez,2003-09-03,M,"Omaha, NE",Financial Advisor,71789.0,3.0,"remote,eco",,Bronze,186.11,
730,E2783,nicoledavis@example.com,ZGtGKEtjip,Susan Hogan,1994-02-05,,"Hartford, CT",Marketing Associate,,2.0,"travel,adventure",Disability,,99.33,
731,E5528,davisjasmin@example.net,ZsP0fXhgQT,Joseph Cruz,,,"Fort Wayne, IN",Data Analyst,,1.0,"family,wellness",Disability,Silver,,330.48
732,E7638,nicholasjames@example.org,zq3Xbw2g0g,Krystal Keller,,F,,,,,"family,wellness",,,57.13,
733,E1957,fernandothomas@example.net,mkdSmgMCJ0,Eric Cross,2001-07-22,,,,76119.0,,"tech,gadget",Health,Platinum,,312.23
734,E7356,lroberts@example.org,47jW8wRTNW,Toni Smith,2004-03-09,M,"Omaha, NE",Project Coordinator,,2.0,,Dental,,173.13,57.92
735,E9658,alexander77@example.net,R31CHVaEiX,Lisa Snyder,,M,,Data Analyst,,3.0,,Dental,,,
736,E4714,briannaalvarez@example.com,cC4AJ3g55a,,1994-06-07,Non-Binary,"Chicago, IL",UX Designer,,1.0,"tech,gadget",Dental,,,
737,E1623,christine83@example.org,YyMQWyJw2D,Anthony Bailey,2002-12-11,F,,Financial Advisor,61115.0,2.0,,Health,Platinum,,51.54
738,E4564,melissaestrada@example.net,mxc890PHXq,Thomas Williams,1991-07-06,M,"Philadelphia, PA",Software Engineer,63910.0,2.0,,Vision,Platinum,248.56,
739,E3414,kchaney@example.net,gx6eyEUxWZ,Matthew Graves,1996-09-14,F,,Financial Advisor,,,,Health,Gold,143.57,104.41
740,E7954,tammycurry@example.com,29huEpJvuV,Anna Evans,,M,"Hartford, CT",,,3.0,"remote,eco",,Bronze,,
741,E3515,priscilla16@example.net,sYsBWV1xXr,John Martinez,1998-05-17,M,,,77770.0,2.0,"remote,eco",Life,,,
742,E4739,mark68@example.org,HbXl4Cs0e1,Lisa Rodriguez,1995-04-10,,,Software Engineer,,3.0,,Disability,,,205.86
743,E4389,webbhaley@example.net,jE8e31Tn8v,,2000-04-20,F,"Fort Wayne, IN",,79669.0,3.0,"travel,adventure",Health,Platinum,,
744,E4855,sara99@example.com,qawYbRH81M,Lynn Vasquez,,F,"Omaha, NE",Marketing Associate,61867.0,,"tech,gadget",,Platinum,,
745,E8148,nicolehall@example.com,2eLT3bp1YH,April Johnson,1992-01-22,F,"Fort Wayne, IN",,,1.0,"active,fitness",Life,,,
746,E5825,mclaughlinjared@example.net,kN4Ixhsr1J,Mrs. Felicia Castro DDS,,,"Philadelphia, PA",,83306.0,,"mental_health,yoga",Disability,,,
747,E2268,davidsonhannah@example.com,dBIb3eCD44,Elizabeth Hunter,1992-11-04,M,"Fort Wayne, IN",Data Analyst,,,,Life,,105.51,348.48
748,E8218,katie15@example.com,kKrYCBp6Ja,Keith Choi,,F,,Software Engineer,85355.0,,,,Platinum,,
749,E2931,jamesbass@example.net,0yowPdtXK0,John Johnson,1990-10-24,Non-Binary,"Hartford, CT",Software Engineer,55892.0,2.0,"mental_health,yoga",Vision,,225.15,
750,E1045,timothyburton@example.net,AVFxWA23bk,,1988-03-24,M,"Fort Wayne, IN",,50095.0,2.0,"mental_health,yoga",,Bronze,,
751,E3839,conleykevin@example.net,a9kpwecjZx,Kristen Smith,1995-06-07,,"Fort Wayne, IN",UX Designer,92049.0,,"travel,adventure",Disability,Gold,,
752,E3657,lauren51@example.org,s2pz6kLBia,Andre Terrell,1988-08-06,Non-Binary,,UX Designer,,0.0,"remote,eco",,Silver,,
753,E8882,ashleyprice@example.net,DtLxrke6ay,,2005-05-18,,"Fort Wayne, IN",UX Designer,51408.0,1.0,"active,fitness",,Silver,,
754,E3476,jennifer46@example.org,Q2GO6zqyg5,David Hayes DVM,,Non-Binary,"Hartford, CT",,82426.0,2.0,,,,216.59,
755,E5438,aliciathompson@example.com,nUXigLOgtp,Paula Gentry,1989-02-08,F,"Chicago, IL",Software Engineer,84679.0,2.0,"remote,eco",Dental,Silver,98.68,162.47
756,E2793,zhunter@example.com,LlV7atXIEF,,1999-01-19,,"Fort Wayne, IN",Software Engineer,81581.0,0.0,"family,wellness",,Gold,104.23,166.74
757,E6886,hoconnor@example.com,VHHm1VIkXu,Briana Wiggins,2003-12-09,M,,Financial Advisor,,1.0,"mental_health,yoga",Vision,Bronze,135.78,110.41
758,E1141,jamiejohnson@example.com,WgIlwUYQ7O,Kelly Smith,2004-12-22,F,"Chicago, IL",Financial Advisor,56814.0,0.0,"mental_health,yoga",Dental,,184.82,325.82
759,E7840,mcdanielbrooke@example.org,zk1SCciAza,Stephen Garcia,1995-09-08,M,"Omaha, NE",,63680.0,0.0,,Health,,84.21,
760,E8596,andrew43@example.com,ff8Loy2aSc,Dustin Patel,1988-06-23,M,"Philadelphia, PA",UX Designer,89897.0,0.0,"travel,adventure",,,,
761,E2476,rlambert@example.org,C0BQj2oRhn,Brian Mullen,1992-06-11,,,,,1.0,"travel,adventure",,,155.26,
762,E7884,clarkmichael@example.com,56WcB2SnYq,Tony Brock,1992-01-15,M,"Hartford, CT",Marketing Associate,,,"active,fitness",Life,,,109.05
763,E8295,georgecollins@example.com,trXreXFkor,Amber Johnson,2005-07-07,M,"Hartford, CT",Marketing Associate,,2.0,"remote,eco",Life,,,
764,E8108,rodriguezbrian@example.com,UTrePa9aMv,,1995-07-25,F,,Marketing Associate,,0.0,"active,fitness",,,,346.25
765,E2537,tjensen@example.com,soDG96Hqrn,Michelle Lambert,1996-11-19,M,"Hartford, CT",UX Designer,61803.0,,"travel,adventure",Life,,110.17,231.81
766,E1549,beltrankatelyn@example.com,8djCE7SkK1,,2005-06-05,,"Hartford, CT",Financial Advisor,64009.0,2.0,,,,277.01,
767,E8914,tdavis@example.net,PCQnb0zESY,Pamela Ruiz,1990-09-12,,"Fort Wayne, IN",Marketing Associate,,0.0,"family,wellness",,Silver,118.96,
768,E4362,douglashuang@example.com,KAntR0kSGS,Jenna Lyons,1999-04-19,,"Omaha, NE",Project Coordinator,46435.0,2.0,"mental_health,yoga",,Platinum,236.51,190.52
769,E1487,kristina57@example.com,Aznl1dWezW,,2003-03-02,M,"Chicago, IL",Financial Advisor,50248.0,1.0,,Vision,Silver,,308.14
770,E9747,ssingleton@example.com,B01tNqkzLs,,1992-08-16,Non-Binary,"Fort Wayne, IN",Data Analyst,60558.0,2.0,"tech,gadget",,Gold,,
771,E3943,nguyendebra@example.com,eNv0ICmaxq,Jennifer Gutierrez,,,"Chicago, IL",UX Designer,61079.0,1.0,"tech,gadget",,,165.54,
772,E5441,amydickson@example.com,QoRhv4PHL3,Daniel Benson,,Non-Binary,"Chicago, IL",,87863.0,,"travel,adventure",,,,
773,E9837,bmueller@example.net,cHO5392eDk,Kimberly Young,,F,"Omaha, NE",Financial Advisor,46978.0,0.0,"family,wellness",Disability,Silver,,76.34
774,E7930,stevensonjennifer@example.com,7LRhUM45y2,,2005-12-09,,,Software Engineer,60735.0,,"mental_health,yoga",,,88.95,183.52
775,E5146,shortgregory@example.com,vHR04F5afl,,2004-09-27,Non-Binary,,Project Coordinator,59086.0,0.0,"mental_health,yoga",,,275.56,191.77
776,E1963,pmurphy@example.net,pNyPWCai6W,Daniel Taylor,1996-06-02,Non-Binary,"Omaha, NE",Project Coordinator,61766.0,0.0,"travel,adventure",Vision,Silver,,357.01
777,E3406,shermandonna@example.com,hw3TKCFpHx,Jean Lane,2003-12-23,M,,Data Analyst,75382.0,,,,Platinum,260.94,110.96
778,E5203,jamierich@example.com,lMHylk9AKN,,1996-08-10,M,"Chicago, IL",,,1.0,"tech,gadget",,Gold,228.4,189.94
779,E9117,wrobbins@example.org,CNlx6XBath,,,Non-Binary,"Omaha, NE",,58116.0,1.0,,,,,278.33
780,E8641,melissabrown@example.net,7zj1NUV8e9,April Castro,2004-08-15,M,"Omaha, NE",,,1.0,"family,wellness",Dental,,189.69,275.55
781,E7287,daniel40@example.org,tkVYQ8Sis6,,2001-12-05,,,UX Designer,47030.0,3.0,"travel,adventure",Health,Gold,,378.19
782,E9932,bsullivan@example.net,60cP2xzIi4,,1998-08-17,M,"Philadelphia, PA",Marketing Associate,79484.0,2.0,"mental_health,yoga",Vision,,,140.17
783,E6209,xbridges@example.com,o9eQmEQNu2,Zachary Santiago,,F,,,,1.0,"mental_health,yoga",Disability,Bronze,,
784,E4012,alexanderwong@example.org,Zs2tr2CsJM,,1994-01-28,M,"Chicago, IL",Software Engineer,65657.0,0.0,"travel,adventure",Health,Bronze,200.07,290.82
785,E6853,christophermay@example.com,fESp9Qk3IL,Stephanie Dominguez,1994-01-04,M,"Philadelphia, PA",Data Analyst,68200.0,2.0,,,,223.94,
786,E2916,dhanson@example.net,6zdPF0Eads,,1993-07-06,M,"Omaha, NE",Data Analyst,46204.0,1.0,"tech,gadget",,Bronze,,106.11
787,E1653,jacobjacobs@example.net,pGx60IJzR8,Dr. Michael Adams DVM,2003-07-21,Non-Binary,,Marketing Associate,84851.0,0.0,,Life,Silver,,
788,E4110,arthur09@example.com,MDtq2bG6G5,,2005-03-28,,"Chicago, IL",Data Analyst,47688.0,0.0,,Vision,,213.8,
789,E2576,thomasjessica@example.com,vIrJvJdvkZ,Blake Wu,1992-03-07,M,,Marketing Associate,89055.0,,"mental_health,yoga",Life,,103.61,153.69
790,E1929,sanchezcrystal@example.net,3IR5RXi6O5,,1997-12-14,F,"Philadelphia, PA",Financial Advisor,60982.0,3.0,"travel,adventure",,,118.21,
791,E4802,chloe58@example.org,aiVyeVItbi,Jose Harrison,2000-06-16,,"Hartford, CT",Data Analyst,,0.0,"mental_health,yoga",,Silver,,
792,E1131,robert44@example.org,NILha3nLcL,,,,,,,1.0,"travel,adventure",,,60.27,
793,E1811,bryan79@example.org,NTIBci39Dw,Mary Carter,1999-01-21,Non-Binary,"Omaha, NE",Financial Advisor,,2.0,,,Bronze,62.61,186.25
794,E9673,mitchellchristopher@example.net,ns412sWvzz,,1991-10-07,Non-Binary,"Philadelphia, PA",,90836.0,,,Life,Gold,,207.12
795,E7907,joshua40@example.net,56zbimwZex,Christopher Vargas,,M,"Philadelphia, PA",Project Coordinator,50909.0,0.0,"active,fitness",Life,,,
796,E8247,donnawood@example.org,KqdTy9qUVx,,2003-04-02,Non-Binary,"Hartford, CT",UX Designer,53068.0,0.0,"family,wellness",,Gold,,165.53
797,E4851,cooperchristopher@example.org,m4uTMFqOQJ,Samantha Monroe,2000-04-07,F,"Philadelphia, PA",Software Engineer,90486.0,3.0,"active,fitness",Dental,Bronze,74.26,
798,E4107,ptownsend@example.net,20jSTMSEnY,Mark Clark,1992-09-19,,,Financial Advisor,,1.0,"travel,adventure",Disability,,,
799,E9764,brian41@example.org,3vPjcipRlb,James Turner,1993-08-21,,,Software Engineer,,2.0,"active,fitness",,Bronze,160.48,
800,E5402,noahthornton@example.com,Svi5yd67Cu,Joseph Graham,2003-06-21,,,Data Analyst,70778.0,,,Life,Silver,,126.42
801,E7785,sara76@example.net,4UGS9c9zz7,Joseph Blanchard,,,"Chicago, IL",Software Engineer,,,"family,wellness",Dental,Bronze,,297.82
802,E3167,hardindana@example.com,5FrbRP3BEY,Marissa Nelson,,F,"Omaha, NE",Data Analyst,73160.0,0.0,"mental_health,yoga",Dental,Gold,244.34,359.06
803,E7744,joseph14@example.net,UesKCruMFP,Julia Leonard,1990-05-05,M,"Chicago, IL",Project Coordinator,80499.0,,"tech,gadget",Health,Gold,,295.77
804,E3341,jessicachapman@example.org,0AX3BsniiV,,2001-03-30,,,Financial Advisor,79974.0,0.0,"active,fitness",Vision,,34.4,
805,E3676,amy01@example.org,i6m0LHT6t8,Joseph Jennings,1991-11-15,,"Hartford, CT",Project Coordinator,,1.0,,Disability,,207.46,
806,E1810,jeffrey44@example.org,ySeUmSUqKP,Manuel Brown,1994-11-11,Non-Binary,"Omaha, NE",Project Coordinator,73074.0,2.0,,,Bronze,,120.47
807,E1830,stephanielittle@example.net,1IdK4jAfyz,,1990-03-21,F,"Hartford, CT",Marketing Associate,66662.0,3.0,"remote,eco",,,,68.31
808,E6530,pdouglas@example.net,HYZAZH2isR,,1989-08-07,,,UX Designer,,3.0,,,Platinum,,321.44
809,E8699,jonowens@example.org,3cUeCb9pAm,,2001-12-15,,"Fort Wayne, IN",,47963.0,2.0,"family,wellness",,Gold,87.4,54.24
810,E2084,qschwartz@example.com,0MEMF32605,Richard Ramirez,,F,"Fort Wayne, IN",,70509.0,,"active,fitness",Vision,Platinum,162.88,
811,E6273,reyesmarvin@example.org,FOO9oKqRb4,Robert Thompson,2002-01-31,,,Project Coordinator,,0.0,"active,fitness",Disability,,105.7,
812,E6114,vasquezsarah@example.net,jcogKVCQDE,Matthew Rodriguez,1997-10-18,Non-Binary,"Philadelphia, PA",Data Analyst,72876.0,,"family,wellness",Dental,Gold,,230.01
813,E2737,probinson@example.org,KAkpPXok5B,,2002-06-02,Non-Binary,"Chicago, IL",Software Engineer,,,,,Silver,87.68,
814,E2511,jonesjessica@example.com,ZH75ZWfDIG,,,F,"Omaha, NE",Marketing Associate,83910.0,3.0,,,,198.66,
815,E3805,fitzpatrickelizabeth@example.com,oER0KdcT0Y,Gary Myers,1997-08-10,F,"Chicago, IL",,,3.0,"family,wellness",,,,233.69
816,E9923,robertsonshelby@example.com,INRc1CVnDG,,,F,"Chicago, IL",UX Designer,84880.0,,,Vision,,171.78,385.82
817,E7530,fernandezaaron@example.net,fjpLzRglh7,Karen Bradley,2002-12-24,Non-Binary,"Philadelphia, PA",,82163.0,3.0,"active,fitness",Dental,Bronze,161.88,185.81
818,E1600,mathew46@example.org,3hdDLioEXj,Tina Davis,1991-03-25,Non-Binary,,Project Coordinator,73616.0,3.0,"mental_health,yoga",,,195.83,324.03
819,E4129,christopher74@example.net,vwSCaZFCpV,,1991-10-31,Non-Binary,,UX Designer,47798.0,2.0,"active,fitness",Health,Silver,,
820,E9341,kentprice@example.org,Ingetet4E8,,,M,"Omaha, NE",Software Engineer,,3.0,"family,wellness",Health,Platinum,,68.7
821,E4803,imoss@example.org,OtZXOrwBGs,Nathan Watkins,1998-08-11,,"Fort Wayne, IN",Marketing Associate,73001.0,,"mental_health,yoga",,Silver,,91.66
822,E9162,yprice@example.net,xCT6kM6TQj,Kathryn Hanna,,F,"Fort Wayne, IN",Software Engineer,,2.0,"tech,gadget",Dental,,,
823,E6684,blevy@example.org,OVqIpLBZyb,George Le,1992-08-25,F,"Omaha, NE",,93693.0,2.0,,,,,381.91
824,E2260,zwilson@example.net,GQgzKJeP18,Judy Gregory,,F,"Hartford, CT",Data Analyst,61721.0,1.0,,Dental,Silver,107.93,
825,E1469,joycehall@example.org,ZjB92Ow7Vb,Charles Valdez,2002-06-26,Non-Binary,"Philadelphia, PA",Software Engineer,74649.0,3.0,"travel,adventure",,Gold,,333.96
826,E3202,nmeadows@example.org,Y21iiRSorN,Matthew Smith,,M,"Hartford, CT",Marketing Associate,85448.0,0.0,"travel,adventure",,,,
827,E5019,conwaylori@example.org,X2weDt2z6x,Christopher Garza,,F,"Philadelphia, PA",Software Engineer,,0.0,"remote,eco",Life,,234.64,
828,E5304,wilsonbrooke@example.net,ZftMcbn729,Robert Simmons,2000-04-12,M,"Omaha, NE",Project Coordinator,58650.0,2.0,,,,,
829,E4951,rnguyen@example.net,9oeq7xryUV,Erica Oconnell,1996-05-20,F,,,90657.0,3.0,"travel,adventure",,Silver,,
830,E9119,kathrynwatkins@example.com,PBBgGmdSHZ,Donald Todd,,Non-Binary,"Hartford, CT",Data Analyst,,0.0,,Life,Silver,,
831,E8472,heathertran@example.com,gcNQzOHuBt,,2005-01-24,M,"Chicago, IL",,73037.0,,,,,,68.98
832,E8073,bstrickland@example.com,3vPS8v6SbR,Adam Howe,,,"Omaha, NE",Data Analyst,,,"remote,eco",,Bronze,138.48,122.03
833,E3304,robert72@example.org,ii2irccuo3,Devin Cole,,,,,88467.0,0.0,"active,fitness",Vision,,,
834,E7206,sharonbishop@example.org,9hYnkpUMqv,Michelle Salazar,1997-03-26,,,Marketing Associate,64526.0,3.0,,,,231.26,
835,E8164,burtonkimberly@example.com,WDOQEO530p,Justin Lee,2000-11-05,Non-Binary,"Chicago, IL",Software Engineer,,1.0,"travel,adventure",Vision,,,105.2
836,E9370,montgomerymichelle@example.net,dN6AAtgrEY,Julie Sims,,Non-Binary,,Marketing Associate,62746.0,3.0,"remote,eco",,,201.12,
837,E5093,joshualee@example.org,jsm46TWyF7,Tracy Wells,,,"Hartford, CT",Project Coordinator,57878.0,1.0,"mental_health,yoga",,Gold,145.87,59.15
838,E7443,ernestlivingston@example.org,UIjsKELOpN,Dominique Hamilton,2005-01-08,,"Philadelphia, PA",Software Engineer,,3.0,"family,wellness",,,,
839,E3720,christina70@example.org,X1Xa8grINB,Tammy Thompson,2000-06-03,M,"Fort Wayne, IN",UX Designer,,0.0,"travel,adventure",Disability,,,100.45
840,E3694,washingtondarren@example.org,y1SswWzn60,,1990-06-10,Non-Binary,"Chicago, IL",,70913.0,2.0,,,Platinum,,211.06
841,E8397,julievillanueva@example.org,RbAR4Jonvo,Erika Garcia,,,"Omaha, NE",,71303.0,1.0,"remote,eco",Health,,92.54,125.41
842,E7869,ykane@example.org,1EQZn9RrIY,,1989-01-08,Non-Binary,,Data Analyst,73453.0,,"remote,eco",,Bronze,186.15,
843,E1408,nthomas@example.com,d2tP57k56c,,2000-08-07,F,"Philadelphia, PA",Financial Advisor,94020.0,,,,,,
844,E2223,crystalcantrell@example.org,BdSEKQgF18,Andrew Carroll,,Non-Binary,"Philadelphia, PA",,90999.0,,"mental_health,yoga",Health,Gold,250.57,
845,E1070,derek77@example.com,k7HJZPfsfh,,1999-12-20,,"Fort Wayne, IN",,,3.0,"family,wellness",,,49.37,
846,E9180,kristinelittle@example.net,tNhQyhYKsk,,,F,"Philadelphia, PA",Data Analyst,,3.0,"travel,adventure",,Platinum,,
847,E9140,christophervincent@example.com,Vt5eaiOxsF,Cindy Wells,1989-06-16,F,"Chicago, IL",UX Designer,68520.0,2.0,,,Bronze,199.74,
848,E7584,uramirez@example.com,nxxXGs4j2l,Danielle Murphy,,M,"Fort Wayne, IN",UX Designer,,0.0,,Vision,,90.07,182.33
849,E7897,patriciavargas@example.org,3lqcYSGCXZ,,,Non-Binary,"Hartford, CT",,62822.0,0.0,,,Silver,,
850,E4757,williamsthomas@example.net,jJjllJjsaI,Joseph Mendoza,1995-04-30,,"Chicago, IL",,,2.0,,Health,,38.02,
851,E8258,chavezjohn@example.net,7jkXPHLi70,,1997-10-17,Non-Binary,"Omaha, NE",Financial Advisor,84242.0,,,,,107.68,
852,E2264,davidphillips@example.net,Nv3WiYWGW6,,2002-09-16,F,,,,,"mental_health,yoga",Life,Bronze,91.38,320.59
853,E2594,braysteven@example.org,o0QNU5TCq7,Jennifer Clarke,1993-05-16,F,"Philadelphia, PA",UX Designer,67575.0,2.0,"remote,eco",Health,,,196.69
854,E1800,courtney01@example.com,Stw5jHMZIB,,1989-06-30,F,,Marketing Associate,69330.0,,,,,,
855,E6860,smullins@example.net,oObGrmEUzN,Rebecca French,2002-05-11,,"Omaha, NE",Marketing Associate,,0.0,,Dental,,168.32,
856,E3064,olivermatthew@example.org,thUvvp83zM,,1999-12-28,,"Chicago, IL",,77701.0,,,,,68.99,
857,E3970,rodriguezmichael@example.net,7o2fuOI6Zi,Jacob Wong,,M,"Fort Wayne, IN",,90230.0,0.0,"active,fitness",Dental,,,
858,E2953,castrokim@example.org,wRpLl5zyMn,Mrs. Ashley Mendoza,1988-02-10,M,"Philadelphia, PA",Data Analyst,,0.0,,,Bronze,43.16,
859,E4697,karenhodges@example.com,FMFfMdadPb,,2001-01-17,,,UX Designer,92051.0,,"tech,gadget",,Platinum,197.85,
860,E6638,brian55@example.com,UZniVof9yP,Mr. Bryan Mckinney,1998-06-10,Non-Binary,"Omaha, NE",UX Designer,63870.0,,,Vision,,195.86,372.0
861,E9174,shannon51@example.org,BATBvdwlQE,Judith Miller,2005-01-14,,,Data Analyst,,0.0,"active,fitness",,,,269.12
862,E8238,keithfrye@example.org,byO0EOBnvp,,1992-06-13,M,,Software Engineer,86665.0,2.0,"remote,eco",,Gold,,64.01
863,E5011,nancymeyer@example.net,D1vX6pKWIK,Jason Fleming,1991-05-01,Non-Binary,,Marketing Associate,88168.0,3.0,,Life,,,
864,E2172,thomasfisher@example.net,4v5n6Hicgg,Dorothy Brown,2002-12-19,F,"Fort Wayne, IN",Marketing Associate,73251.0,1.0,,,,123.27,
865,E6987,marystone@example.com,Rzu7WyNEAq,Grant Lucas,1999-06-20,,"Omaha, NE",Financial Advisor,69091.0,0.0,,Health,Silver,,375.08
866,E3342,todd88@example.com,0Rd3AXiWC4,Keith Villanueva,,M,"Philadelphia, PA",Financial Advisor,61869.0,2.0,,,Gold,80.23,
867,E1102,george43@example.com,s6wFUKD24i,Dwayne Bruce,1999-08-28,,,Project Coordinator,,3.0,"mental_health,yoga",,Silver,280.15,
868,E7466,michaelbryant@example.org,FzXUCazmAO,,1991-02-25,Non-Binary,,Software Engineer,,0.0,"tech,gadget",Vision,,250.62,
869,E4481,teresafranco@example.net,B2CRKyb8YG,,2003-07-04,F,"Philadelphia, PA",,66991.0,2.0,"remote,eco",,Gold,105.58,68.2
870,E3385,williamsleslie@example.org,qNxW3f6K7n,Jacob Harris,2002-08-25,,,Data Analyst,79773.0,0.0,,Disability,,,
871,E6710,wadetiffany@example.org,zy5GveRn1v,,2002-03-24,F,"Fort Wayne, IN",Marketing Associate,,0.0,,Life,,,335.47
872,E1591,david06@example.com,f97Mcj4DY6,Theresa Reilly,1997-01-29,Non-Binary,"Fort Wayne, IN",Data Analyst,,3.0,"family,wellness",,Platinum,,307.55
873,E4263,adamrodgers@example.net,kAeE3cUu3b,Michael Wells,,,,UX Designer,73818.0,,"mental_health,yoga",Disability,,134.73,82.99
874,E8896,tara92@example.net,vJceRvI0r7,Tammy Morgan,2000-04-16,,,Financial Advisor,55327.0,,"travel,adventure",Disability,,,
875,E6241,dennisrachel@example.org,i3Hx8tBg9p,,2000-03-17,M,"Philadelphia, PA",Financial Advisor,53196.0,0.0,"mental_health,yoga",Dental,,278.36,90.58
876,E9212,seandavis@example.org,siuiSUEPG6,Christie Fox,1988-01-09,,,Data Analyst,91945.0,,,Dental,,207.83,
877,E8694,james18@example.com,gWN17YT5B7,,2000-12-31,,"Omaha, NE",Marketing Associate,71133.0,3.0,"active,fitness",Life,,,
878,E3645,ulee@example.net,701s8iRyRT,Terri Kerr,2005-07-02,M,,Data Analyst,,0.0,"remote,eco",Life,,,
879,E6386,raymond65@example.com,cVSgcezT16,,,,"Omaha, NE",,62147.0,2.0,"family,wellness",,Gold,,363.05
880,E2766,fsawyer@example.org,sKzEKf0qyp,Jill Riddle,2003-12-11,F,"Hartford, CT",Project Coordinator,,,"travel,adventure",,Silver,,166.58
881,E3727,zroberts@example.net,UFQisacZcS,Jessica Mosley,2003-02-23,M,,Project Coordinator,,0.0,,,,205.96,357.69
882,E4246,maryharper@example.org,pu5A2P6nyM,John Dillon,1992-07-02,M,"Philadelphia, PA",,84006.0,0.0,,Health,Gold,,234.35
883,E4778,carl96@example.org,vS8revI48M,Mark Nelson,2002-01-06,Non-Binary,"Philadelphia, PA",,74064.0,,"travel,adventure",Disability,Bronze,,97.99
884,E9518,angelapage@example.org,ew23WKtXD5,Ronnie Roberts,1993-10-01,M,,,67862.0,1.0,,,Silver,,98.83
885,E3044,twilliams@example.net,VtiQBMoEAU,Justin Ford,,,"Hartford, CT",Project Coordinator,78363.0,3.0,"mental_health,yoga",Disability,,93.77,367.12
886,E1402,moodyeric@example.com,fUPz4XYOkD,Sandra Kennedy,1991-11-09,M,"Hartford, CT",Project Coordinator,82347.0,1.0,,Life,,178.58,286.59
887,E1011,robert73@example.org,DsLLpZuKIg,,1995-08-28,F,"Hartford, CT",Financial Advisor,,1.0,"remote,eco",,Bronze,277.98,151.82
888,E2791,georgemichael@example.com,58XyvEJLmK,,1991-02-13,F,"Omaha, NE",Financial Advisor,50261.0,2.0,,Vision,Bronze,,
889,E8327,hmccann@example.com,J14FwODdOo,Laura Bruce,,,"Philadelphia, PA",Software Engineer,,3.0,"active,fitness",Dental,,,
890,E4097,bonniethomas@example.com,AMn0hOJbyk,Brandy Martin,1988-04-21,F,"Philadelphia, PA",UX Designer,70224.0,,"tech,gadget",,Platinum,,58.71
891,E9107,michael50@example.com,4YSfZPWrtz,Mark Jones,2001-05-27,F,,Project Coordinator,77305.0,2.0,"remote,eco",,,206.94,391.31
892,E7862,katiewhite@example.org,w73GmQV3rG,,1994-08-27,M,"Omaha, NE",Marketing Associate,72295.0,1.0,"travel,adventure",,,,
893,E9321,margaret44@example.net,5MspkX4PAX,Heidi Ferguson,,,"Fort Wayne, IN",Project Coordinator,84129.0,0.0,"tech,gadget",Vision,Gold,,
894,E1134,madeline02@example.net,dDmrl6WMWm,Richard Jenkins,2003-08-19,M,"Hartford, CT",Financial Advisor,86611.0,2.0,,Disability,,120.47,
895,E3173,curtismoore@example.org,SSOatvbQl9,Rebecca Hansen,,M,"Fort Wayne, IN",Financial Advisor,89812.0,1.0,"travel,adventure",,,,60.22
896,E3733,butlersabrina@example.org,zwl4D0qjJB,Tammy Mendoza,1996-07-12,Non-Binary,"Philadelphia, PA",,57611.0,2.0,"remote,eco",Vision,Platinum,245.51,269.03
897,E6311,hannah27@example.net,gfEQ57tw1w,Tracy Jackson,,F,,Software Engineer,52055.0,,"remote,eco",Dental,Gold,,302.67
898,E3732,anthony13@example.org,WBq4glWBbG,Brenda Perez,1990-08-28,Non-Binary,,Financial Advisor,72780.0,0.0,,Dental,Gold,,
899,E6405,jasonzavala@example.com,UN0LIj60i6,Rachel Jones,2004-03-24,M,"Philadelphia, PA",Software Engineer,60017.0,0.0,"remote,eco",Health,,129.71,
900,E3371,ctodd@example.org,JlYUpgpqiE,Ricky Palmer,1996-04-27,,,Project Coordinator,,2.0,"mental_health,yoga",Disability,Silver,97.16,180.38
901,E2385,harrisonrebekah@example.org,4cRP2kQLEE,,,M,,Project Coordinator,,2.0,,Dental,,195.88,
902,E3549,morajamie@example.org,kgLJpzK5eY,Gregory Davis,1992-11-19,F,"Philadelphia, PA",,78675.0,,,Disability,,,
903,E3909,stacy55@example.org,aiXPyVZHpJ,Phyllis Austin,,M,"Omaha, NE",,65723.0,3.0,,,,,171.79
904,E9789,garciabelinda@example.org,TUjpYBIGgc,,1993-06-18,,,,,,,,,,
905,E2258,rachelmedina@example.net,4WRyHhUXOA,,,Non-Binary,"Philadelphia, PA",Project Coordinator,61091.0,0.0,"family,wellness",Vision,,,
906,E2633,lrichardson@example.org,Xd9E6aDhBp,Tyler White,1996-03-10,M,"Chicago, IL",,59201.0,,"active,fitness",Disability,Gold,,177.18
907,E3322,tina63@example.net,Nzwvy0hMlD,Brian Rollins,,F,"Philadelphia, PA",Project Coordinator,72215.0,,"remote,eco",Dental,Platinum,,
908,E4399,owensapril@example.com,DgmI22HEVs,Michele Hawkins,,,"Omaha, NE",Data Analyst,70623.0,1.0,"mental_health,yoga",,,153.41,
909,E2675,millertristan@example.com,xlsGohMzIV,Kyle Collins,1997-04-28,M,"Hartford, CT",Financial Advisor,70395.0,3.0,"mental_health,yoga",Disability,,,289.02
910,E4732,aperez@example.com,zUoS1fWwKl,Mrs. Shannon Jacobson,1991-04-02,Non-Binary,,,,,"active,fitness",,Silver,,
911,E8861,xcrosby@example.org,hHmbfIhCSL,Michael Powers,1996-12-24,F,"Hartford, CT",Project Coordinator,92656.0,2.0,"travel,adventure",Disability,,,
912,E9950,qkim@example.net,2AYvAwHVgJ,Charles Morales,,M,,Project Coordinator,,,,,Platinum,,336.29
913,E7789,figueroapatricia@example.org,gAMtMAnF6J,William Morgan,1989-12-27,M,"Chicago, IL",,79760.0,1.0,"active,fitness",,Platinum,123.98,
914,E4634,bmartinez@example.net,ZSmA6hZ1pe,Dr. Ralph Wheeler DDS,1999-10-26,,"Philadelphia, PA",Financial Advisor,60903.0,1.0,,Disability,,143.7,353.65
915,E9981,qkelly@example.net,W1hjE2rUnM,Victoria Dixon,1991-04-06,,,Financial Advisor,,0.0,"remote,eco",Life,Bronze,297.69,
916,E9880,katrinarodriguez@example.com,zoKMqwqg0n,David Dunlap Jr.,2000-06-11,,,Data Analyst,45568.0,3.0,"family,wellness",Vision,Bronze,145.74,176.83
917,E9820,greertyrone@example.org,DiOr6UcJVN,Janet Shelton,1991-12-11,F,"Fort Wayne, IN",Data Analyst,,,"family,wellness",,Platinum,62.68,297.31
918,E3953,kevinhanson@example.org,tiPkPkV28r,,2001-10-31,,"Philadelphia, PA",,60380.0,2.0,"active,fitness",Health,,75.41,243.46
919,E3544,qharris@example.com,QQbkSrpZ1W,Dennis Cooper PhD,2003-08-25,F,,Project Coordinator,,2.0,,,,81.95,297.34
920,E8658,cisnerosanthony@example.com,cut1Oit1uf,Barbara Cole,,M,"Philadelphia, PA",,,2.0,"mental_health,yoga",Disability,Bronze,,
921,E7937,cramos@example.org,MlXkKwooIy,,,M,"Chicago, IL",Software Engineer,46064.0,1.0,,,,77.97,
922,E5913,travistaylor@example.net,RHIMo8pqnE,Phillip Carroll,2004-07-17,F,"Omaha, NE",Financial Advisor,68722.0,,"tech,gadget",Life,Silver,,121.47
923,E1355,rkeller@example.net,K3wkW2JO57,Karen Dickerson,2001-12-09,,"Hartford, CT",,72978.0,,"mental_health,yoga",Health,,,330.9
924,E1074,myerstroy@example.com,cWLZLvriJG,Heather Levine,1992-10-04,F,"Chicago, IL",Project Coordinator,73418.0,2.0,"travel,adventure",Life,Bronze,,68.02
925,E8214,bryan90@example.org,6ffb9WnZHq,Hannah Harmon,2004-01-21,,"Hartford, CT",UX Designer,,,"tech,gadget",Health,,108.98,
926,E5654,hubbardcolleen@example.com,Sn9xN4OBKH,Gregory Howard,1994-03-29,M,"Hartford, CT",Project Coordinator,60029.0,,"tech,gadget",Vision,,254.49,
927,E8302,brian33@example.org,ht9c2ivd3R,Leslie Lozano,2000-02-01,Non-Binary,"Hartford, CT",Marketing Associate,64716.0,0.0,"mental_health,yoga",Vision,Platinum,264.41,118.55
928,E4616,meltondanny@example.org,bU1fbXf2Wj,Gabriel Murray,2000-12-18,,"Chicago, IL",Data Analyst,87120.0,,"tech,gadget",Vision,,,101.34
929,E7921,abradley@example.com,nqtRsnOMqz,John Johnson,2001-05-28,Non-Binary,,Data Analyst,,2.0,,,Silver,,
930,E8012,nicholas65@example.net,lRA4iyp8zC,John Vazquez,,Non-Binary,"Chicago, IL",Financial Advisor,,3.0,"remote,eco",Vision,Gold,,
931,E8531,matthewshaw@example.net,Yq403b9WYp,Lucas Cox,1998-06-12,,"Omaha, NE",Data Analyst,76458.0,,"family,wellness",,,,
932,E1953,oharris@example.org,YcPTcK2rVc,Kimberly Mitchell,1996-05-10,Non-Binary,"Fort Wayne, IN",Project Coordinator,61001.0,2.0,"travel,adventure",Vision,Silver,,394.35
933,E1220,evansashley@example.org,39cqDb2KVf,,,F,"Omaha, NE",,90182.0,3.0,,Health,Gold,,
934,E2253,vargasjoshua@example.net,tUtECB7fGP,Karen Clark,1997-02-27,,"Hartford, CT",Marketing Associate,87657.0,3.0,"mental_health,yoga",Health,,122.64,181.22
935,E2110,pearsonkevin@example.com,rTkSoSoaUl,Joshua Gonzalez,1992-03-03,F,,Marketing Associate,85838.0,1.0,,,Bronze,,157.63
936,E4493,gking@example.com,JL1fqDUVGv,,1998-03-18,F,,Financial Advisor,,1.0,"mental_health,yoga",Life,Gold,175.06,294.89
937,E7776,barbaralewis@example.net,t733FEtgnf,Debra Little,,,"Fort Wayne, IN",,72420.0,0.0,"family,wellness",,Silver,162.02,170.3
938,E1948,umichael@example.net,ZKHtT4RYe6,,2000-06-04,F,"Chicago, IL",Data Analyst,67620.0,,"mental_health,yoga",Health,Gold,,362.04
939,E1909,edwardjennings@example.com,m9Ie0q3ymq,,2001-08-10,M,,Financial Advisor,82632.0,1.0,"active,fitness",,,,
940,E7579,waltersmeghan@example.com,fmpfv4Pwxm,Maria Scott,1989-05-29,,,Marketing Associate,50763.0,0.0,"family,wellness",,Gold,,309.5
941,E4889,richardwilson@example.org,VZtu4thYJV,Robert Collins,2001-05-27,M,"Chicago, IL",Financial Advisor,,2.0,"family,wellness",,Bronze,232.02,183.19
942,E1282,bcastro@example.com,d5W412SUHO,,2002-11-23,,,Financial Advisor,54957.0,3.0,"tech,gadget",Life,Platinum,,144.85
943,E2414,anthonyclarke@example.com,VaawKoiQZO,Casey Phelps,2002-03-18,M,"Chicago, IL",Data Analyst,,0.0,"tech,gadget",Vision,Platinum,,
944,E6728,dcasey@example.org,fsvl5TZcvR,Edward Brown,,M,"Chicago, IL",,,,"travel,adventure",Vision,,247.25,
945,E1381,qmosley@example.net,q3fOGULGvB,Jennifer Larsen,2003-06-05,,"Hartford, CT",UX Designer,,3.0,"family,wellness",,,135.13,
946,E3261,joelduncan@example.net,1Lb4fgZU3m,Kelly Calderon,1988-03-15,F,"Omaha, NE",Marketing Associate,50219.0,,,Health,Gold,170.68,317.85
947,E3760,tyler13@example.net,8TKsteLTWh,Robert Murphy,2000-08-20,,,Software Engineer,51093.0,3.0,,,,,
948,E9364,vshaffer@example.org,WHz0OHVXA1,Claudia Rodriguez,1996-07-09,M,"Fort Wayne, IN",Project Coordinator,80048.0,1.0,"mental_health,yoga",Health,Bronze,,64.61
949,E9425,taragonzales@example.com,vBIUtR81BF,Amy Ferguson,2002-05-02,M,,,62616.0,2.0,"travel,adventure",,,158.95,289.29
950,E3599,stewartrodney@example.net,7GSNFrITD9,Donald Mueller,,,"Chicago, IL",Software Engineer,66183.0,0.0,"family,wellness",,Gold,,318.63
951,E8140,michaelbaldwin@example.com,t4hNzCHMBp,Walter Obrien,1988-03-06,M,"Fort Wayne, IN",Financial Advisor,48999.0,3.0,,Vision,,,148.27
952,E4522,vazquezkristina@example.org,tXQMkEyAJd,James Fowler,1999-08-30,F,"Philadelphia, PA",Project Coordinator,,,"remote,eco",Health,Gold,,328.1
953,E7557,rebecca18@example.org,VFg7wuqrA4,,1993-06-30,,"Hartford, CT",UX Designer,71404.0,1.0,"active,fitness",,Gold,47.0,103.6
954,E6718,qpennington@example.com,ACVO7RjZGx,Rodney Young,1991-10-30,F,"Fort Wayne, IN",Data Analyst,,2.0,"active,fitness",,,,
955,E7478,michelemartin@example.com,aCJNX1b1E1,Sherry Wang,2002-12-11,Non-Binary,"Philadelphia, PA",Data Analyst,,1.0,,Health,,,146.46
956,E9519,rmccormick@example.org,WRWpHXPvQK,Teresa Ruiz,1997-11-13,F,"Omaha, NE",Data Analyst,,2.0,,,Platinum,,350.94
957,E3862,vhouse@example.net,8jUa1LrXN2,Thomas Garcia,1998-12-02,,"Philadelphia, PA",UX Designer,,0.0,,Vision,,,
958,E2175,hollyhunter@example.com,05QqSIEilw,Nicholas Kelley,1998-07-03,F,,UX Designer,92921.0,,"family,wellness",,,262.39,
959,E1289,shawn00@example.net,1XRVLY91wF,Lorraine Gibbs,1994-10-05,F,"Philadelphia, PA",,79793.0,2.0,"active,fitness",,Silver,206.9,
960,E1298,aarongonzalez@example.com,DgqzZLCOTg,Bradley Moore,1999-01-19,F,"Fort Wayne, IN",Data Analyst,,2.0,"family,wellness",Life,Gold,,58.89
961,E7361,melaniejennings@example.com,gbeDwNRbQ2,,1990-05-09,M,"Hartford, CT",Project Coordinator,47191.0,3.0,"mental_health,yoga",,,,329.34
962,E4872,graceserrano@example.com,QJXY7LBCzR,,1992-06-09,F,"Omaha, NE",UX Designer,83951.0,,,,Bronze,,
963,E1119,kduffy@example.org,ermdMD62tk,Alexander Hansen,1994-12-12,M,"Fort Wayne, IN",Project Coordinator,82209.0,0.0,"remote,eco",,Bronze,276.83,
964,E8159,rebeccamccann@example.org,1xJ0jy0bGl,Samuel Williams,,Non-Binary,"Hartford, CT",UX Designer,,3.0,,Dental,Silver,,
965,E3606,jburke@example.org,Zyf7gLFYPI,Carolyn Bradley,1991-04-17,Non-Binary,"Hartford, CT",UX Designer,62308.0,2.0,"remote,eco",,,,84.14
966,E9721,higginsryan@example.com,Q2W5Svfny6,Kathleen Walker,1999-06-19,Non-Binary,,Project Coordinator,51571.0,1.0,"tech,gadget",Vision,Gold,,
967,E2220,jamesatkins@example.com,qQHpmpurd5,,1992-02-21,,,Data Analyst,70879.0,3.0,"active,fitness",Health,,,
968,E7114,carolcarney@example.com,aEAPES1eOA,,1990-02-07,,"Chicago, IL",Marketing Associate,,3.0,,,Gold,,
969,E2365,anthonycherry@example.org,zcuT5RWoMR,,2005-08-06,,"Chicago, IL",Marketing Associate,,2.0,"active,fitness",,,48.67,
970,E7506,emiller@example.org,IjLzD9aDrl,,1995-06-13,M,"Hartford, CT",UX Designer,71314.0,,"travel,adventure",Health,,,352.69
971,E4799,jennifererickson@example.net,mXxIoWG0tm,Angel Hawkins,2001-12-09,M,,UX Designer,,2.0,"mental_health,yoga",,Silver,112.15,
972,E9897,cookjimmy@example.com,pmfKvxG8OL,Teresa Coffey DDS,2000-09-12,M,"Chicago, IL",Marketing Associate,50337.0,,"remote,eco",Life,,98.49,
973,E7425,smithwilliam@example.com,qIZoWOOJLu,,1998-01-19,,"Chicago, IL",Marketing Associate,88727.0,,,Vision,Platinum,,78.01
974,E4872,carpenterjorge@example.net,coolqLYAV1,Gerald Mcdonald Jr.,1998-02-13,F,"Omaha, NE",,,2.0,"active,fitness",Life,Silver,176.18,185.46
975,E5743,hthomas@example.com,kEdDMX2L58,Carl Savage,2001-01-01,F,"Hartford, CT",,76727.0,3.0,"travel,adventure",,,,108.25
976,E4442,julie64@example.com,sGvr8RbWnL,,1999-05-20,Non-Binary,"Omaha, NE",Data Analyst,69835.0,1.0,"tech,gadget",,Silver,,268.68
977,E8220,ryan25@example.net,4DCMxDcWPn,Pamela Hernandez DVM,,M,,Project Coordinator,,,"travel,adventure",,,,238.87
978,E3751,jbrown@example.org,smkomR8Xpd,Andrew Green,1992-11-01,,,Marketing Associate,46804.0,3.0,"remote,eco",,Gold,,
979,E3303,fgraham@example.org,MtfiGvpET1,,2005-08-13,,"Chicago, IL",Financial Advisor,,0.0,"tech,gadget",Disability,,,100.11
980,E6308,uvasquez@example.org,pCAWtixvZb,Brandon Oneill,1997-07-07,Non-Binary,"Chicago, IL",,59987.0,,"mental_health,yoga",,Bronze,,
981,E4421,marybrady@example.com,8LXKQiIZEK,Mary Lewis,,Non-Binary,,Software Engineer,,,"active,fitness",,,,113.96
982,E1108,foxashley@example.com,EabufSclHF,Danielle Jimenez,,,"Fort Wayne, IN",Project Coordinator,50391.0,3.0,"remote,eco",,Platinum,207.81,69.44
983,E7648,clayanthony@example.net,Ai3DuPVbXg,Mrs. Jacqueline Hickman,1997-02-05,Non-Binary,,,,3.0,,Disability,,,
984,E4897,hooderic@example.org,SJnzITPaBd,Michael Castillo,1993-10-27,,"Fort Wayne, IN",Data Analyst,88493.0,0.0,,,Bronze,164.01,391.4
985,E1453,brooke05@example.org,NiweKich2J,,2004-03-26,,"Fort Wayne, IN",Marketing Associate,62606.0,1.0,"family,wellness",Dental,,290.46,
986,E3046,jasonwilliams@example.net,eB1nZMPCfs,Robert Manning,1988-06-07,F,"Hartford, CT",Data Analyst,65301.0,2.0,"travel,adventure",,,192.35,240.89
987,E3913,qdavis@example.org,tPK89Y6EUC,,2002-06-26,F,,Project Coordinator,86265.0,2.0,"travel,adventure",Dental,,59.79,313.44
988,E4650,phelpsfrank@example.com,5H3RPc1kN6,Paul Valdez,2005-02-09,F,"Philadelphia, PA",Software Engineer,83088.0,0.0,,,,,
989,E3749,evanslaurie@example.net,zySXS1iixq,Emily Cohen,,,"Chicago, IL",Project Coordinator,86256.0,0.0,"mental_health,yoga",Health,Bronze,,
990,E9050,michaeldavis@example.com,93vAKYa4aO,,,Non-Binary,"Fort Wayne, IN",Financial Advisor,,,"family,wellness",Dental,Gold,214.79,
991,E2350,madams@example.com,wp3MbYkkBX,Jay Richardson,2004-08-20,Non-Binary,"Hartford, CT",Data Analyst,54388.0,0.0,"tech,gadget",,,263.46,
992,E9009,ryansimmons@example.org,p1VTuuqQ8d,Valerie Rhodes,,,"Chicago, IL",Software Engineer,,3.0,"remote,eco",Vision,Silver,,251.1
993,E5541,sarahrose@example.net,u2nVXQL3lY,Donna Kim,,F,"Fort Wayne, IN",,,,,,,,
994,E5802,ievans@example.net,WE7qbOKIxm,Sarah Mills,,,"Philadelphia, PA",Data Analyst,,1.0,"active,fitness",,,,255.72
995,E1857,ashley81@example.org,rjj5P0RRt8,Kayla Gutierrez,,Non-Binary,"Omaha, NE",,60241.0,0.0,,Health,Gold,124.31,
996,E5160,kguerrero@example.com,7WeNT3EhvS,Kevin Mack,2004-12-18,F,"Hartford, CT",,78746.0,1.0,,,,260.06,355.41
997,E8087,wilsondorothy@example.org,puia3XaDB8,,1988-12-06,M,"Chicago, IL",Financial Advisor,88754.0,3.0,"active,fitness",Dental,,,
998,E1723,tmcdowell@example.com,f6sWWAUg2d,Jordan Santiago,,Non-Binary,,,63418.0,3.0,"travel,adventure",Disability,Platinum,157.75,173.31
999,E6787,matthew23@example.org,7A7McwOcQL,William Green,1996-12-22,Non-Binary,"Hartford, CT",,76402.0,,"active,fitness",,,,
1000,E8636,hamiltonandrew@example.com,HoUUTXb9Io,,1996-12-23,Non-Binary,"Chicago, IL",Financial Advisor,,2.0,"mental_health,yoga",,,,234.4
